frame_id,timestamp_sec,class,x1,y1,x2,y2,confidence
1,0.0,car,1638,775,1758,871,0.8524
1,0.0,car,1600,696,1710,770,0.7411
1,0.0,person,1620,937,1685,1077,0.6261
1,0.0,car,1603,561,1648,608,0.5527
1,0.0,person,1019,930,1094,1053,0.531
1,0.0,person,1287,693,1325,772,0.4395
1,0.0,motorcycle,1297,890,1358,984,0.4308
1,0.0,motorcycle,1025,1000,1115,1070,0.4221
1,0.0,motorcycle,1621,936,1686,1080,0.4133
1,0.0,person,1806,660,1838,721,0.4021
2,0.033,car,1606,693,1712,769,0.8367
2,0.033,car,1640,772,1759,866,0.8358
2,0.033,car,1884,507,1919,547,0.5009
2,0.033,motorcycle,1294,694,1332,770,0.4805
2,0.033,person,1625,929,1689,1047,0.4736
2,0.033,motorcycle,1037,985,1123,1060,0.4542
2,0.033,motorcycle,1631,1001,1694,1070,0.4331
2,0.033,person,1033,926,1084,1044,0.4297
2,0.033,motorcycle,1629,947,1693,1068,0.4283
2,0.033,person,1300,850,1360,970,0.4073
3,0.067,car,1611,690,1717,765,0.8733
3,0.067,car,1642,771,1761,862,0.8167
3,0.067,car,1884,514,1919,547,0.5659
3,0.067,person,1631,916,1694,1035,0.5151
3,0.067,motorcycle,1636,959,1694,1058,0.481
3,0.067,motorcycle,1311,854,1374,968,0.4489
3,0.067,motorcycle,1047,970,1129,1050,0.4013
4,0.1,car,1615,689,1721,761,0.7815
4,0.1,car,1643,765,1760,858,0.7338
4,0.1,car,1884,515,1919,548,0.5949
4,0.1,motorcycle,1638,933,1699,1048,0.4521
4,0.1,motorcycle,1058,968,1142,1042,0.4365
4,0.1,motorcycle,1642,981,1698,1049,0.4126
5,0.133,car,1620,687,1723,758,0.7902
5,0.133,car,1647,755,1764,853,0.5711
5,0.133,car,1885,512,1919,546,0.5102
5,0.133,person,1737,640,1773,709,0.44
5,0.133,motorcycle,1310,704,1350,759,0.4384
5,0.133,motorcycle,1643,970,1703,1036,0.4295
5,0.133,motorcycle,1328,876,1385,957,0.4099
5,0.133,motorcycle,1641,944,1704,1035,0.4072
6,0.167,car,1621,686,1726,756,0.7665
6,0.167,car,1648,754,1767,849,0.5829
6,0.167,motorcycle,1074,900,1155,1022,0.4779
6,0.167,car,1884,513,1919,544,0.4486
6,0.167,motorcycle,1330,832,1393,948,0.4447
6,0.167,motorcycle,1315,692,1356,757,0.4406
6,0.167,motorcycle,1333,874,1393,950,0.4173
6,0.167,motorcycle,1647,909,1707,1026,0.4079
6,0.167,person,1317,685,1352,755,0.4077
7,0.2,car,1651,751,1764,843,0.7464
7,0.2,car,1624,683,1726,752,0.6935
7,0.2,car,1883,517,1919,545,0.497
7,0.2,motorcycle,1338,838,1397,943,0.4363
7,0.2,person,1336,825,1390,941,0.4001
8,0.233,car,1654,747,1765,839,0.748
8,0.233,car,1630,680,1728,749,0.7301
8,0.233,motorcycle,1346,846,1403,938,0.5184
8,0.233,car,1883,515,1919,544,0.501
8,0.233,person,1095,882,1162,994,0.4287
9,0.267,car,1657,746,1765,835,0.6475
9,0.267,car,1634,677,1731,746,0.6419
9,0.267,car,1614,560,1657,600,0.4524
9,0.267,motorcycle,1657,881,1716,991,0.4507
9,0.267,motorcycle,1351,839,1410,932,0.4497
9,0.267,motorcycle,1110,931,1180,999,0.414
10,0.3,car,1660,740,1768,830,0.747
10,0.3,car,1637,675,1732,745,0.6959
10,0.3,motorcycle,1663,887,1719,986,0.5595
10,0.3,motorcycle,1112,895,1191,992,0.4643
10,0.3,motorcycle,1357,854,1414,927,0.4492
11,0.333,car,1662,738,1765,825,0.7487
11,0.333,car,1639,673,1736,742,0.6628
11,0.333,motorcycle,1667,887,1722,979,0.5904
11,0.333,car,1882,511,1919,541,0.5072
11,0.333,motorcycle,1120,873,1193,983,0.4827
11,0.333,person,1666,858,1722,964,0.4483
11,0.333,person,1362,808,1414,909,0.444
11,0.333,person,1338,670,1374,739,0.4405
11,0.333,motorcycle,1363,822,1417,918,0.4036
12,0.367,car,1664,732,1770,819,0.746
12,0.367,car,1643,673,1737,739,0.6286
12,0.367,car,1882,506,1919,539,0.6118
12,0.367,motorcycle,1131,861,1202,977,0.4921
12,0.367,person,1367,803,1422,904,0.4556
12,0.367,person,1669,851,1727,947,0.428
12,0.367,motorcycle,1670,860,1727,970,0.4256
12,0.367,motorcycle,1671,903,1727,972,0.42
13,0.4,car,1664,726,1774,815,0.7312
13,0.4,car,1645,668,1739,735,0.6243
13,0.4,car,1882,509,1919,539,0.5545
13,0.4,person,1672,843,1729,948,0.4691
13,0.4,motorcycle,1375,822,1428,906,0.468
13,0.4,motorcycle,1139,865,1208,967,0.458
14,0.433,car,1665,728,1773,812,0.8306
14,0.433,car,1647,667,1743,734,0.5428
14,0.433,motorcycle,1381,801,1432,898,0.4022
15,0.467,car,1666,725,1773,808,0.6671
15,0.467,motorcycle,1679,837,1734,945,0.5918
15,0.467,motorcycle,1154,846,1223,955,0.4873
15,0.467,motorcycle,1385,795,1438,896,0.4862
15,0.467,car,1652,665,1745,729,0.4504
15,0.467,motorcycle,1387,825,1438,898,0.4431
16,0.5,car,1671,727,1771,802,0.5135
16,0.5,car,1879,503,1919,537,0.4738
16,0.5,motorcycle,1683,833,1735,937,0.4675
16,0.5,car,1653,664,1746,726,0.452
16,0.5,motorcycle,1393,805,1442,890,0.4293
17,0.533,motorcycle,1684,825,1740,930,0.6054
17,0.533,car,1671,724,1769,798,0.5989
17,0.533,car,1656,663,1748,726,0.5053
17,0.533,motorcycle,1171,836,1239,940,0.4717
17,0.533,car,1878,505,1919,538,0.4603
17,0.533,motorcycle,1399,805,1446,886,0.4417
18,0.567,motorcycle,1685,818,1742,924,0.5881
18,0.567,car,1659,661,1749,724,0.5566
18,0.567,motorcycle,1177,845,1245,936,0.5292
18,0.567,car,1623,550,1662,590,0.4723
18,0.567,car,1877,502,1918,536,0.4285
18,0.567,person,1803,627,1833,684,0.4115
19,0.6,car,1674,712,1770,791,0.5945
19,0.6,motorcycle,1692,813,1741,916,0.5468
19,0.6,car,1623,546,1663,589,0.523
19,0.6,motorcycle,1692,852,1740,916,0.459
19,0.6,car,1876,500,1918,535,0.4397
19,0.6,motorcycle,1186,851,1253,930,0.434
19,0.6,motorcycle,1405,790,1456,874,0.4254
20,0.633,motorcycle,1692,804,1743,909,0.6208
20,0.633,car,1667,653,1751,719,0.4861
20,0.633,motorcycle,1190,838,1258,924,0.4347
20,0.633,motorcycle,1411,775,1462,870,0.4291
20,0.633,car,1875,507,1917,534,0.42
21,0.667,motorcycle,1693,799,1744,900,0.6834
21,0.667,motorcycle,1201,832,1266,916,0.482
21,0.667,car,1674,702,1775,785,0.4206
22,0.7,motorcycle,1693,798,1747,896,0.6645
22,0.7,motorcycle,1207,828,1271,913,0.5161
22,0.7,person,1389,643,1418,707,0.4885
22,0.7,car,1875,499,1917,532,0.4459
22,0.7,motorcycle,1676,699,1776,781,0.4136
23,0.733,motorcycle,1698,798,1748,889,0.5817
23,0.733,car,1875,503,1915,532,0.4882
23,0.733,motorcycle,1216,850,1276,907,0.4716
24,0.767,car,1872,505,1910,533,0.5273
24,0.767,motorcycle,1699,794,1748,885,0.4943
24,0.767,motorcycle,1219,800,1278,894,0.4926
24,0.767,motorcycle,1429,758,1480,848,0.4181
25,0.8,motorcycle,1430,750,1481,844,0.5116
25,0.8,motorcycle,1227,792,1287,892,0.4832
25,0.8,motorcycle,1702,785,1752,874,0.4689
25,0.8,motorcycle,1433,774,1482,845,0.4491
25,0.8,car,1870,496,1910,532,0.4051
26,0.833,motorcycle,1705,782,1753,869,0.6111
26,0.833,motorcycle,1230,801,1292,887,0.5162
26,0.833,motorcycle,1437,761,1488,840,0.4562
27,0.867,motorcycle,1237,788,1299,881,0.5839
27,0.867,motorcycle,1704,774,1754,862,0.5588
27,0.867,motorcycle,1446,766,1492,836,0.5035
28,0.9,motorcycle,1708,778,1754,859,0.5366
28,0.9,motorcycle,1244,794,1302,875,0.4585
28,0.9,motorcycle,1444,748,1495,831,0.4493
29,0.933,motorcycle,1251,776,1308,873,0.5749
29,0.933,motorcycle,1452,739,1498,826,0.542
29,0.933,motorcycle,1708,770,1755,852,0.5332
30,0.967,motorcycle,1258,782,1314,865,0.613
30,0.967,motorcycle,1456,737,1505,821,0.4788
30,0.967,motorcycle,1711,769,1758,849,0.4484
30,0.967,motorcycle,1456,761,1504,821,0.4417
31,1.0,motorcycle,1263,796,1320,863,0.5581
31,1.0,motorcycle,1714,759,1758,842,0.5056
31,1.0,motorcycle,1262,767,1319,861,0.5035
31,1.0,motorcycle,1462,744,1510,818,0.4159
32,1.033,motorcycle,1265,765,1324,858,0.4713
32,1.033,motorcycle,1469,752,1511,814,0.4464
33,1.067,motorcycle,1716,754,1759,834,0.5729
33,1.067,motorcycle,1273,762,1328,849,0.5243
33,1.067,motorcycle,1470,727,1514,807,0.4776
33,1.067,motorcycle,1472,751,1514,809,0.4706
34,1.1,motorcycle,1279,756,1332,844,0.6747
34,1.1,motorcycle,1717,748,1760,828,0.6394
34,1.1,motorcycle,1471,719,1517,804,0.4989
35,1.133,motorcycle,1284,753,1337,841,0.6101
35,1.133,motorcycle,1477,717,1521,799,0.5773
35,1.133,motorcycle,1717,747,1762,823,0.4435
35,1.133,motorcycle,1479,745,1520,801,0.4255
36,1.167,motorcycle,1480,713,1524,794,0.6163
36,1.167,motorcycle,1718,739,1760,818,0.5258
36,1.167,motorcycle,1288,752,1343,837,0.4787
37,1.2,motorcycle,1484,711,1526,789,0.595
37,1.2,motorcycle,1294,747,1348,832,0.4792
37,1.2,car,1863,495,1900,526,0.4525
37,1.2,motorcycle,1719,737,1761,813,0.4497
38,1.233,motorcycle,1489,708,1531,788,0.6205
38,1.233,car,1862,495,1900,525,0.5549
38,1.233,motorcycle,1300,760,1351,828,0.5423
38,1.233,motorcycle,1719,734,1762,810,0.5223
38,1.233,car,1694,663,1776,732,0.4236
39,1.267,motorcycle,1493,710,1534,786,0.5631
39,1.267,motorcycle,1305,743,1352,821,0.5177
39,1.267,car,1862,494,1900,525,0.5089
39,1.267,motorcycle,1721,734,1763,806,0.4088
40,1.3,motorcycle,1308,740,1361,820,0.5876
40,1.3,motorcycle,1495,707,1538,782,0.5734
40,1.3,car,1862,491,1899,524,0.4328
41,1.333,motorcycle,1311,734,1364,816,0.6267
41,1.333,motorcycle,1499,710,1540,778,0.522
41,1.333,car,1696,656,1780,722,0.4832
42,1.367,motorcycle,1501,697,1544,771,0.6006
42,1.367,motorcycle,1318,731,1368,810,0.5753
42,1.367,car,1695,662,1775,720,0.5327
43,1.4,motorcycle,1505,692,1547,769,0.5906
43,1.4,motorcycle,1323,728,1374,807,0.5847
43,1.4,car,1696,659,1775,716,0.4781
43,1.4,car,1861,490,1896,521,0.4643
44,1.433,motorcycle,1329,727,1376,803,0.6662
44,1.433,motorcycle,1727,720,1765,785,0.4997
44,1.433,motorcycle,1511,691,1551,768,0.4056
45,1.467,motorcycle,1332,718,1381,801,0.5622
45,1.467,motorcycle,1726,716,1765,779,0.4427
46,1.5,motorcycle,1334,715,1386,797,0.6209
46,1.5,motorcycle,1726,712,1765,776,0.5405
47,1.533,motorcycle,1338,716,1387,792,0.6528
47,1.533,motorcycle,1730,711,1764,774,0.4191
48,1.567,motorcycle,1346,714,1391,788,0.5676
48,1.567,car,1702,647,1781,705,0.4318
48,1.567,motorcycle,1524,681,1561,752,0.4297
49,1.6,motorcycle,1349,709,1396,783,0.7088
49,1.6,motorcycle,1527,676,1564,746,0.5411
50,1.633,motorcycle,1353,704,1397,781,0.7215
50,1.633,motorcycle,1528,673,1567,744,0.5922
51,1.667,motorcycle,1357,701,1401,778,0.6703
51,1.667,motorcycle,1533,671,1569,742,0.5906
52,1.7,motorcycle,1360,697,1406,773,0.659
52,1.7,motorcycle,1535,675,1571,740,0.563
52,1.7,car,1705,649,1777,696,0.4867
52,1.7,car,1724,601,1793,651,0.4345
52,1.7,person,885,1021,937,1080,0.4292
53,1.733,motorcycle,1364,697,1412,770,0.6669
53,1.733,motorcycle,1538,669,1575,736,0.5528
53,1.733,motorcycle,84,1005,223,1080,0.4409
53,1.733,person,909,1007,987,1080,0.4209
54,1.767,motorcycle,1370,698,1414,767,0.6185
54,1.767,motorcycle,1541,664,1579,733,0.5225
54,1.767,person,932,993,1009,1080,0.4576
54,1.767,car,1708,646,1776,690,0.4503
55,1.8,motorcycle,1372,691,1416,763,0.687
55,1.8,motorcycle,1544,660,1584,731,0.5634
55,1.8,person,952,978,1029,1080,0.4693
55,1.8,car,1729,600,1797,646,0.4395
56,1.833,motorcycle,1377,688,1419,758,0.7041
56,1.833,motorcycle,1546,659,1585,729,0.578
56,1.833,person,969,965,1051,1080,0.497
57,1.867,motorcycle,1382,684,1422,757,0.675
57,1.867,motorcycle,1549,654,1587,724,0.5088
57,1.867,person,993,955,1060,1051,0.4559
58,1.9,motorcycle,1385,684,1425,754,0.6514
58,1.9,motorcycle,1549,651,1589,720,0.5795
59,1.933,motorcycle,1389,682,1427,753,0.5816
59,1.933,motorcycle,1551,651,1591,719,0.4161
61,2.0,motorcycle,1560,667,1596,712,0.4288
62,2.033,person,1081,899,1146,1017,0.4829
62,2.033,motorcycle,1081,951,1157,1033,0.41
63,2.067,person,1100,889,1165,992,0.4544
64,2.1,person,1114,879,1180,975,0.4613
64,2.1,motorcycle,1405,671,1444,734,0.4595
65,2.133,person,1128,870,1190,998,0.5509
66,2.167,person,1143,863,1203,978,0.531
66,2.167,motorcycle,1142,911,1208,986,0.4263
66,2.167,car,1710,615,1777,671,0.4023
68,2.233,person,1168,846,1224,962,0.4456
69,2.267,person,1183,839,1230,940,0.6034
70,2.3,person,1194,830,1258,945,0.4982
70,2.3,person,1589,627,1614,690,0.4439
70,2.3,motorcycle,1194,842,1262,946,0.4045
71,2.333,person,1207,820,1258,930,0.5161
71,2.333,person,1589,626,1615,685,0.4161
72,2.367,motorcycle,1216,859,1277,927,0.501
72,2.367,person,1220,815,1274,910,0.4238
73,2.4,motorcycle,1230,834,1285,918,0.4869
73,2.4,person,1229,811,1282,896,0.4414
73,2.4,person,1431,648,1468,711,0.4151
74,2.433,person,1242,802,1285,904,0.4726
74,2.433,motorcycle,1239,819,1289,910,0.4711
74,2.433,motorcycle,516,838,619,953,0.4145
74,2.433,motorcycle,1435,647,1471,709,0.4045
75,2.467,motorcycle,1251,844,1302,903,0.512
76,2.5,person,985,1030,1063,1080,0.5405
76,2.5,car,1716,603,1771,646,0.5211
76,2.5,person,1260,788,1308,891,0.4405
76,2.5,motorcycle,1260,788,1314,894,0.4173
77,2.533,person,998,1022,1086,1080,0.6871
77,2.533,motorcycle,1269,786,1322,885,0.5223
77,2.533,person,1269,782,1321,883,0.4748
78,2.567,person,1012,1012,1098,1078,0.7314
78,2.567,motorcycle,1279,807,1331,877,0.4576
78,2.567,car,1715,595,1767,641,0.4495
79,2.6,person,1025,1001,1115,1080,0.7055
79,2.6,person,1289,769,1335,862,0.6269
79,2.6,motorcycle,599,821,692,922,0.4263
80,2.633,person,1040,989,1124,1080,0.6346
80,2.633,person,1297,764,1344,855,0.5447
80,2.633,car,1716,595,1772,638,0.426
81,2.667,person,1053,981,1135,1079,0.5476
81,2.667,person,1307,759,1351,855,0.5081
82,2.7,person,1067,972,1149,1080,0.629
82,2.7,person,1315,754,1355,845,0.6021
82,2.7,motorcycle,642,815,728,908,0.5076
82,2.7,car,1758,563,1809,603,0.4821
82,2.7,motorcycle,1456,633,1492,692,0.4107
83,2.733,person,1078,960,1172,1079,0.6622
83,2.733,person,1323,751,1367,843,0.5028
83,2.733,car,1759,562,1811,603,0.4215
84,2.767,person,1089,953,1173,1080,0.5849
84,2.767,car,1760,561,1811,598,0.5492
85,2.8,car,593,1009,892,1078,0.6902
85,2.8,person,1336,738,1378,829,0.4967
85,2.8,motorcycle,683,794,761,891,0.4872
85,2.8,car,1761,565,1809,599,0.4591
86,2.833,car,616,992,918,1079,0.6997
86,2.833,motorcycle,698,793,773,886,0.4796
86,2.833,person,1114,935,1189,1069,0.4746
86,2.833,car,1718,588,1766,628,0.4711
86,2.833,car,1760,556,1810,598,0.4609
86,2.833,motorcycle,1344,771,1390,826,0.4442
86,2.833,person,1121,935,1188,1033,0.4005
87,2.867,car,640,977,956,1077,0.8124
87,2.867,motorcycle,710,794,788,881,0.5514
87,2.867,car,1761,559,1810,597,0.5255
87,2.867,person,158,1019,206,1079,0.5022
87,2.867,person,1123,928,1203,1041,0.473
87,2.867,person,157,1018,250,1079,0.4003
88,2.9,car,668,959,973,1078,0.7457
88,2.9,car,1761,554,1809,596,0.569
88,2.9,car,1718,582,1772,625,0.5492
88,2.9,person,182,1011,260,1080,0.4729
88,2.9,person,1135,920,1209,1009,0.4368
88,2.9,person,1358,722,1399,809,0.4182
88,2.9,motorcycle,725,803,798,877,0.4159
89,2.933,car,702,944,998,1077,0.7886
89,2.933,motorcycle,734,777,807,870,0.4957
89,2.933,person,209,1003,265,1079,0.4779
89,2.933,person,1145,911,1215,1013,0.4589
89,2.933,car,1762,557,1810,597,0.4388
89,2.933,motorcycle,1144,933,1228,1048,0.4374
89,2.933,car,1718,580,1769,625,0.4212
89,2.933,motorcycle,1363,750,1407,808,0.4112
90,2.967,car,729,929,1018,1079,0.7881
90,2.967,car,1718,579,1773,623,0.5647
90,2.967,person,233,996,283,1080,0.5038
90,2.967,car,1762,564,1811,596,0.4871
90,2.967,person,1373,718,1414,798,0.451
91,3.0,car,757,913,1040,1078,0.8266
91,3.0,car,1761,531,1811,594,0.6342
91,3.0,car,1718,580,1770,625,0.5297
91,3.0,person,1378,713,1420,793,0.5181
91,3.0,person,248,987,308,1077,0.518
91,3.0,person,1164,899,1235,994,0.487
91,3.0,motorcycle,1476,614,1510,673,0.4454
91,3.0,car,1720,578,1772,643,0.444
91,3.0,motorcycle,759,801,826,861,0.4348
91,3.0,motorcycle,756,762,827,860,0.4085
92,3.033,car,787,903,1056,1077,0.8632
92,3.033,person,1171,892,1245,1004,0.6417
92,3.033,car,1761,529,1808,589,0.5166
92,3.033,motorcycle,770,757,841,857,0.4676
92,3.033,person,1385,707,1421,788,0.4631
92,3.033,person,258,979,387,1080,0.4482
92,3.033,motorcycle,773,788,841,859,0.4302
92,3.033,car,1718,576,1771,621,0.4241
92,3.033,motorcycle,320,1012,389,1080,0.4124
92,3.033,motorcycle,1383,707,1423,791,0.4019
93,3.067,car,814,891,1075,1070,0.844
93,3.067,motorcycle,1389,708,1432,787,0.5828
93,3.067,motorcycle,780,759,850,851,0.5643
93,3.067,car,1760,530,1810,592,0.5124
93,3.067,person,1182,884,1249,974,0.4981
94,3.1,car,840,878,1089,1053,0.8754
94,3.1,car,1761,536,1809,590,0.5054
94,3.1,motorcycle,791,753,862,848,0.4975
94,3.1,motorcycle,1396,708,1431,779,0.4678
94,3.1,motorcycle,1480,608,1514,669,0.4491
94,3.1,motorcycle,304,1004,436,1080,0.4178
94,3.1,motorcycle,793,782,863,850,0.4078
95,3.133,car,864,867,1106,1039,0.8594
95,3.133,car,1760,543,1808,587,0.5858
95,3.133,motorcycle,801,750,869,843,0.496
96,3.167,car,887,859,1124,1024,0.8543
96,3.167,car,1760,541,1809,587,0.577
96,3.167,motorcycle,814,755,877,839,0.5354
96,3.167,motorcycle,1406,707,1444,771,0.5097
97,3.2,car,910,846,1137,1007,0.8699
97,3.2,motorcycle,1412,700,1449,765,0.5407
97,3.2,motorcycle,1218,879,1286,977,0.4463
97,3.2,car,1759,531,1810,586,0.4405
97,3.2,motorcycle,816,747,890,831,0.403
98,3.233,car,929,836,1154,995,0.8797
98,3.233,car,1759,530,1810,583,0.5307
98,3.233,motorcycle,1416,688,1450,761,0.4884
98,3.233,motorcycle,835,752,898,830,0.4745
98,3.233,person,1222,854,1286,970,0.4219
99,3.267,car,951,828,1167,976,0.8515
99,3.267,motorcycle,844,753,906,827,0.5635
99,3.267,car,1759,531,1809,583,0.5321
99,3.267,motorcycle,1422,691,1458,756,0.4299
99,3.267,car,1716,571,1768,611,0.4058
100,3.3,car,970,817,1179,966,0.8712
100,3.3,motorcycle,854,752,915,821,0.503
100,3.3,car,1759,526,1808,582,0.4305
100,3.3,person,1237,840,1300,944,0.4236
100,3.3,motorcycle,1240,858,1303,955,0.4136
101,3.333,car,987,810,1191,955,0.8794
101,3.333,car,1390,988,1587,1080,0.6012
101,3.333,car,1761,529,1809,582,0.5607
101,3.333,car,1715,570,1763,607,0.5357
101,3.333,motorcycle,864,742,922,818,0.5214
101,3.333,motorcycle,1246,861,1311,950,0.4974
101,3.333,person,1433,673,1469,746,0.478
101,3.333,motorcycle,449,950,569,1055,0.4484
102,3.367,car,1007,803,1204,945,0.8484
102,3.367,motorcycle,874,755,934,816,0.6012
102,3.367,car,1759,527,1808,582,0.6007
102,3.367,car,1395,1010,1589,1078,0.5663
102,3.367,motorcycle,872,731,932,814,0.5226
102,3.367,person,1437,669,1471,742,0.4611
102,3.367,motorcycle,1250,834,1316,941,0.4396
103,3.4,car,1023,793,1218,934,0.8126
103,3.4,car,1393,988,1595,1079,0.6063
103,3.4,motorcycle,1441,675,1476,740,0.4939
103,3.4,motorcycle,882,751,941,810,0.4509
103,3.4,car,1715,565,1761,601,0.4488
103,3.4,car,1758,526,1809,580,0.4421
103,3.4,motorcycle,489,916,601,1040,0.4369
104,3.433,car,1040,778,1228,921,0.8341
104,3.433,motorcycle,893,758,949,807,0.5448
104,3.433,car,1398,988,1601,1078,0.5291
104,3.433,motorcycle,1267,857,1330,927,0.4652
105,3.467,car,1055,773,1238,911,0.8597
105,3.467,car,1402,980,1604,1078,0.7451
105,3.467,person,1273,815,1329,901,0.4683
105,3.467,motorcycle,904,761,956,805,0.4573
105,3.467,motorcycle,1273,858,1337,922,0.4008
106,3.5,car,1070,770,1249,901,0.8802
106,3.5,car,1408,967,1609,1078,0.7082
106,3.5,motorcycle,1452,669,1487,729,0.473
106,3.5,person,1279,810,1332,897,0.4712
106,3.5,motorcycle,1279,809,1338,913,0.4499
106,3.5,motorcycle,539,886,648,1018,0.4377
106,3.5,motorcycle,908,713,964,796,0.4217
106,3.5,car,1758,527,1802,578,0.4023
107,3.533,car,1084,766,1260,893,0.8797
107,3.533,car,1414,958,1613,1079,0.6702
107,3.533,motorcycle,916,713,970,793,0.6361
107,3.533,motorcycle,1457,659,1490,726,0.4868
107,3.533,car,1757,533,1804,575,0.4462
107,3.533,motorcycle,1282,819,1343,910,0.4292
107,3.533,car,1714,562,1766,600,0.4109
108,3.567,car,1099,760,1269,881,0.8683
108,3.567,car,1422,947,1618,1078,0.7711
108,3.567,motorcycle,923,717,983,791,0.5836
108,3.567,motorcycle,1291,816,1347,903,0.4513
108,3.567,car,1758,535,1804,574,0.4034
109,3.6,car,1112,753,1279,873,0.8579
109,3.6,car,1430,935,1621,1079,0.7555
109,3.6,motorcycle,935,711,991,787,0.5814
110,3.633,car,1122,746,1290,863,0.8601
110,3.633,car,1440,925,1624,1078,0.8196
110,3.633,motorcycle,941,706,996,783,0.6546
110,3.633,motorcycle,1303,791,1357,889,0.5452
110,3.633,car,1758,534,1801,573,0.5102
110,3.633,car,1712,559,1764,599,0.4936
111,3.667,car,1446,917,1629,1074,0.8744
111,3.667,car,1137,741,1296,855,0.8552
111,3.667,motorcycle,949,710,1004,781,0.5905
111,3.667,motorcycle,1306,787,1363,883,0.5507
111,3.667,motorcycle,951,700,996,777,0.4456
111,3.667,car,1711,558,1763,598,0.4309
111,3.667,car,1756,524,1803,571,0.4094
112,3.7,car,1150,736,1306,847,0.8295
112,3.7,car,1451,908,1631,1066,0.818
112,3.7,motorcycle,1311,787,1369,880,0.5876
112,3.7,motorcycle,958,706,1012,779,0.5621
112,3.7,motorcycle,1476,657,1508,707,0.4374
113,3.733,car,1162,730,1315,842,0.8634
113,3.733,car,1457,897,1633,1055,0.7761
113,3.733,motorcycle,965,695,1017,773,0.5776
113,3.733,motorcycle,1317,794,1373,875,0.511
114,3.767,car,1464,888,1637,1046,0.8241
114,3.767,car,1170,723,1322,836,0.8074
114,3.767,motorcycle,973,693,1025,772,0.6093
114,3.767,motorcycle,974,715,1028,773,0.5207
114,3.767,motorcycle,1322,817,1377,870,0.5103
114,3.767,motorcycle,1321,773,1377,868,0.5012
114,3.767,motorcycle,1484,638,1516,701,0.4416
115,3.8,car,1472,881,1640,1032,0.8526
115,3.8,car,1183,719,1330,826,0.8259
115,3.8,motorcycle,684,882,771,959,0.5122
115,3.8,motorcycle,1487,639,1517,697,0.5044
115,3.8,motorcycle,981,690,1032,767,0.4814
115,3.8,motorcycle,1329,769,1380,860,0.4629
115,3.8,motorcycle,685,843,771,957,0.4607
115,3.8,person,1332,768,1376,849,0.4581
116,3.833,car,1192,715,1339,816,0.7972
116,3.833,car,1477,874,1642,1020,0.7916
116,3.833,motorcycle,1331,767,1381,857,0.6387
116,3.833,motorcycle,989,692,1040,768,0.577
116,3.833,motorcycle,697,882,782,953,0.4635
117,3.867,car,1201,711,1344,812,0.8316
117,3.867,car,1482,866,1645,1008,0.7697
117,3.867,motorcycle,996,698,1043,764,0.5622
117,3.867,motorcycle,1336,762,1385,854,0.4795
117,3.867,motorcycle,713,882,793,947,0.4255
117,3.867,motorcycle,713,846,795,945,0.4061
118,3.9,car,1487,860,1646,997,0.8101
118,3.9,car,1214,705,1352,806,0.721
118,3.9,motorcycle,1000,687,1054,761,0.589
118,3.9,motorcycle,725,851,809,941,0.5175
118,3.9,motorcycle,1340,758,1391,849,0.4716
119,3.933,car,1492,852,1647,988,0.822
119,3.933,car,1223,694,1360,799,0.6818
119,3.933,motorcycle,1010,685,1057,756,0.5524
119,3.933,motorcycle,1345,755,1397,842,0.4515
120,3.967,car,1499,815,1653,977,0.7684
120,3.967,car,1234,691,1367,793,0.719
120,3.967,motorcycle,750,853,831,933,0.5877
120,3.967,motorcycle,1017,680,1064,755,0.5756
120,3.967,motorcycle,1350,758,1399,840,0.5389
121,4.0,car,1500,817,1654,968,0.7666
121,4.0,car,1240,688,1373,788,0.6606
121,4.0,motorcycle,1023,680,1069,753,0.6139
121,4.0,motorcycle,1350,754,1404,834,0.4877
121,4.0,motorcycle,764,850,843,925,0.4544
122,4.033,car,1506,821,1654,958,0.8356
122,4.033,car,1250,687,1381,782,0.7699
122,4.033,motorcycle,1353,752,1405,830,0.5267
122,4.033,motorcycle,777,838,854,920,0.4609
122,4.033,person,322,1025,424,1080,0.4341
122,4.033,motorcycle,1026,677,1076,748,0.4305
122,4.033,car,1705,549,1756,592,0.4189
123,4.067,car,1510,820,1657,949,0.8368
123,4.067,car,1259,684,1389,772,0.6174
123,4.067,motorcycle,1035,675,1084,745,0.5547
123,4.067,motorcycle,1352,752,1408,826,0.5182
123,4.067,motorcycle,788,845,862,916,0.4762
123,4.067,person,342,1018,405,1080,0.4259
124,4.1,car,1515,814,1659,941,0.7692
124,4.1,car,1266,678,1397,769,0.7492
124,4.1,motorcycle,802,849,871,911,0.4924
124,4.1,motorcycle,1361,750,1414,821,0.4828
124,4.1,person,362,1009,423,1080,0.4581
124,4.1,motorcycle,1044,669,1087,743,0.4258
124,4.1,motorcycle,801,816,872,909,0.4021
125,4.133,car,1519,810,1659,933,0.8162
125,4.133,car,1273,674,1405,765,0.7812
125,4.133,motorcycle,1048,672,1090,742,0.6521
125,4.133,motorcycle,1365,739,1416,818,0.5374
125,4.133,motorcycle,809,798,884,904,0.4838
126,4.167,car,1521,805,1660,926,0.8048
126,4.167,car,1283,672,1407,760,0.6092
126,4.167,motorcycle,824,842,896,902,0.5965
126,4.167,motorcycle,1370,739,1417,812,0.5209
126,4.167,person,404,993,471,1079,0.5131
127,4.2,car,1524,803,1662,918,0.7738
127,4.2,car,1288,670,1411,756,0.5825
127,4.2,car,1701,544,1755,591,0.4603
127,4.2,person,1136,1027,1202,1080,0.4017
127,4.2,motorcycle,832,810,903,894,0.4011
128,4.233,car,1528,793,1663,909,0.8471
128,4.233,car,1298,667,1419,750,0.5571
128,4.233,person,1145,1019,1224,1079,0.5453
128,4.233,motorcycle,1378,732,1425,803,0.5036
128,4.233,motorcycle,1065,665,1110,732,0.477
128,4.233,motorcycle,845,812,913,891,0.4507
129,4.267,car,1531,789,1665,903,0.8141
129,4.267,motorcycle,1070,663,1115,730,0.6668
129,4.267,person,464,969,529,1075,0.4992
129,4.267,motorcycle,855,810,921,888,0.4742
129,4.267,car,1305,667,1402,743,0.4431
130,4.3,car,1534,783,1665,895,0.8734
130,4.3,person,1165,1001,1237,1080,0.6784
130,4.3,motorcycle,1076,661,1121,728,0.5148
130,4.3,motorcycle,866,812,932,881,0.4776
131,4.333,car,1536,780,1667,887,0.8824
131,4.333,person,1174,992,1243,1080,0.6869
131,4.333,motorcycle,875,795,944,875,0.563
131,4.333,car,1318,654,1433,735,0.4797
131,4.333,motorcycle,1387,732,1433,793,0.4574
132,4.367,car,1540,774,1665,882,0.8044
132,4.367,person,1185,982,1263,1080,0.767
132,4.367,motorcycle,1088,659,1131,721,0.5527
132,4.367,car,1700,539,1745,577,0.5372
132,4.367,person,515,949,582,1068,0.4764
132,4.367,motorcycle,888,776,950,872,0.465
132,4.367,car,1747,510,1793,559,0.4074
132,4.367,car,1325,651,1437,732,0.4064
133,4.4,car,1546,768,1670,874,0.7756
133,4.4,motorcycle,1095,659,1137,720,0.6667
133,4.4,car,1389,996,1600,1079,0.5827
133,4.4,person,1193,973,1271,1080,0.5475
133,4.4,motorcycle,897,808,960,868,0.5243
133,4.4,car,1332,643,1440,724,0.4637
133,4.4,motorcycle,1393,715,1440,784,0.44
133,4.4,car,1699,540,1748,581,0.4347
133,4.4,person,539,940,600,1034,0.4088
134,4.433,car,1549,765,1668,866,0.6772
134,4.433,person,1202,965,1275,1080,0.4855
134,4.433,car,1337,643,1441,722,0.4821
134,4.433,car,1698,539,1741,575,0.4784
134,4.433,motorcycle,905,793,968,863,0.4757
134,4.433,motorcycle,1396,713,1442,782,0.4658
134,4.433,person,1203,966,1258,1072,0.4518
134,4.433,person,565,933,616,1012,0.4418
134,4.433,car,1420,992,1604,1080,0.4296
134,4.433,car,1747,507,1786,558,0.4029
135,4.467,car,1550,762,1671,862,0.7881
135,4.467,car,1420,982,1610,1079,0.6837
135,4.467,person,1211,956,1287,1079,0.6111
135,4.467,motorcycle,915,800,979,862,0.5987
135,4.467,car,1344,641,1448,719,0.5931
135,4.467,motorcycle,1105,656,1146,717,0.5336
135,4.467,car,1698,538,1741,574,0.5284
135,4.467,motorcycle,1399,708,1443,780,0.489
135,4.467,car,1747,508,1786,559,0.4483
135,4.467,person,586,927,635,1003,0.4318
136,4.5,car,1424,972,1615,1079,0.6945
136,4.5,car,1348,635,1456,712,0.6345
136,4.5,car,1553,759,1670,856,0.627
136,4.5,person,1222,948,1288,1075,0.5698
136,4.5,motorcycle,926,797,986,856,0.5579
136,4.5,motorcycle,1111,656,1151,713,0.5454
136,4.5,car,1698,538,1742,575,0.5186
136,4.5,person,592,919,654,1019,0.5182
136,4.5,motorcycle,1402,708,1447,777,0.5013
136,4.5,person,604,920,652,1008,0.4695
136,4.5,motorcycle,925,767,986,855,0.4323
137,4.533,car,1431,959,1617,1079,0.829
137,4.533,car,1556,751,1672,850,0.6822
137,4.533,car,1355,635,1460,711,0.5822
137,4.533,motorcycle,1405,706,1448,769,0.5397
137,4.533,car,1698,538,1744,574,0.5041
137,4.533,person,1233,941,1298,1035,0.4612
138,4.567,car,1440,948,1621,1079,0.8735
138,4.567,car,1559,746,1674,845,0.7453
138,4.567,car,1360,633,1465,707,0.6279
138,4.567,motorcycle,944,772,1005,847,0.5282
138,4.567,car,1698,538,1743,572,0.5095
138,4.567,motorcycle,1406,703,1450,768,0.5016
138,4.567,car,1558,706,1676,844,0.4729
138,4.567,motorcycle,1239,997,1319,1076,0.4633
138,4.567,person,1239,937,1312,1034,0.4512
139,4.6,car,1444,937,1625,1080,0.8587
139,4.6,car,1560,739,1678,838,0.7979
139,4.6,car,1366,634,1469,706,0.6902
139,4.6,car,1696,537,1741,572,0.5336
139,4.6,motorcycle,1409,703,1452,766,0.5172
139,4.6,motorcycle,1251,996,1327,1069,0.4704
139,4.6,person,1246,928,1319,1043,0.4673
139,4.6,motorcycle,952,762,1011,841,0.465
140,4.633,car,1451,925,1630,1076,0.839
140,4.633,car,1564,728,1675,834,0.733
140,4.633,car,1372,630,1471,704,0.6936
140,4.633,motorcycle,1412,702,1453,760,0.5666
140,4.633,car,1696,535,1741,571,0.5096
140,4.633,motorcycle,963,754,1016,840,0.4677
140,4.633,motorcycle,1257,979,1333,1058,0.4583
140,4.633,car,1744,506,1783,549,0.4459
140,4.633,motorcycle,1131,648,1172,706,0.4294
141,4.667,car,1456,915,1632,1075,0.8084
141,4.667,car,1565,717,1679,828,0.7591
141,4.667,car,1377,627,1477,700,0.6206
141,4.667,motorcycle,970,763,1027,838,0.6136
141,4.667,motorcycle,1414,698,1457,757,0.5752
141,4.667,motorcycle,1264,975,1339,1050,0.5317
141,4.667,car,1696,535,1743,572,0.4947
141,4.667,motorcycle,1135,645,1175,704,0.4924
142,4.7,car,1464,908,1634,1065,0.7958
142,4.7,car,1568,723,1677,821,0.7898
142,4.7,car,1696,533,1742,571,0.5732
142,4.7,motorcycle,1270,968,1342,1042,0.5636
142,4.7,motorcycle,1418,697,1459,753,0.5629
142,4.7,motorcycle,977,776,1033,832,0.5398
142,4.7,car,1382,624,1483,697,0.5057
142,4.7,motorcycle,1140,637,1177,701,0.4478
142,4.7,person,1270,907,1326,994,0.428
143,4.733,car,1569,720,1679,816,0.8416
143,4.733,car,1469,897,1636,1054,0.8305
143,4.733,motorcycle,1419,693,1463,753,0.5564
143,4.733,car,1387,623,1487,691,0.5458
143,4.733,car,1695,533,1743,570,0.5223
143,4.733,motorcycle,986,761,1041,827,0.4739
143,4.733,person,1276,902,1338,993,0.4294
143,4.733,motorcycle,1279,962,1348,1035,0.4106
144,4.767,car,1477,889,1638,1042,0.8283
144,4.767,car,1570,716,1680,813,0.7448
144,4.767,car,1393,622,1489,688,0.5771
144,4.767,car,1693,533,1744,571,0.5462
144,4.767,motorcycle,1147,639,1185,697,0.5155
144,4.767,motorcycle,995,759,1051,825,0.4873
144,4.767,motorcycle,1284,954,1351,1024,0.4616
144,4.767,motorcycle,1421,689,1466,748,0.4176
144,4.767,person,1282,895,1342,974,0.4145
145,4.8,car,1483,880,1639,1031,0.8423
145,4.8,car,1571,717,1681,810,0.7113
145,4.8,car,1693,532,1745,571,0.5394
145,4.8,car,1397,623,1474,685,0.5141
145,4.8,motorcycle,1292,947,1360,1017,0.4589
145,4.8,person,1287,887,1350,974,0.4321
145,4.8,motorcycle,1002,745,1056,822,0.4148
145,4.8,motorcycle,1425,686,1468,744,0.4085
146,4.833,car,1487,871,1644,1018,0.8321
146,4.833,car,1573,714,1680,803,0.7172
146,4.833,car,1403,618,1494,682,0.4983
146,4.833,person,1294,882,1356,1000,0.4903
146,4.833,car,1693,531,1742,568,0.463
146,4.833,motorcycle,1428,684,1470,741,0.4616
146,4.833,motorcycle,745,897,841,976,0.4574
146,4.833,motorcycle,1010,765,1062,818,0.4182
147,4.867,car,1491,863,1646,1006,0.8427
147,4.867,car,1574,712,1681,795,0.8346
147,4.867,motorcycle,1019,732,1071,815,0.5686
147,4.867,car,1406,610,1494,678,0.4907
147,4.867,person,1302,876,1366,999,0.4644
147,4.867,motorcycle,1306,933,1370,1000,0.4637
147,4.867,motorcycle,1303,892,1371,999,0.4543
147,4.867,car,1693,531,1743,568,0.4342
147,4.867,motorcycle,1431,683,1472,739,0.4096
148,4.9,car,1498,855,1645,995,0.8029
148,4.9,car,1576,708,1680,792,0.7801
148,4.9,motorcycle,1309,920,1377,994,0.5442
148,4.9,motorcycle,1024,764,1077,811,0.4929
149,4.933,car,1501,848,1648,985,0.8163
149,4.933,car,1578,704,1680,789,0.8045
149,4.933,car,1416,605,1508,672,0.5524
149,4.933,motorcycle,1434,677,1474,732,0.5024
149,4.933,motorcycle,779,859,875,961,0.4541
149,4.933,car,1692,530,1741,566,0.4537
150,4.967,car,1506,836,1651,972,0.8295
150,4.967,car,1579,701,1681,785,0.8078
150,4.967,car,1421,603,1511,672,0.6782
150,4.967,motorcycle,1434,673,1477,732,0.5781
150,4.967,person,1042,719,1088,800,0.5722
150,4.967,car,1692,529,1738,564,0.5569
150,4.967,person,1319,859,1383,980,0.5384
150,4.967,motorcycle,1321,902,1387,981,0.5213
150,4.967,motorcycle,1041,726,1088,803,0.4172
151,5.0,car,1509,828,1651,964,0.8548
151,5.0,car,1581,699,1681,778,0.8452
151,5.0,car,1692,529,1741,565,0.6466
151,5.0,motorcycle,1437,667,1478,729,0.6105
151,5.0,car,1425,600,1515,667,0.5831
151,5.0,motorcycle,1326,905,1390,971,0.4585
151,5.0,person,1326,853,1386,966,0.4263
151,5.0,person,1049,718,1096,798,0.4128
152,5.033,car,1584,696,1682,774,0.8672
152,5.033,car,1511,819,1654,956,0.8212
152,5.033,car,1691,529,1743,564,0.5955
152,5.033,car,1430,603,1517,666,0.5385
152,5.033,motorcycle,816,851,910,940,0.4634
152,5.033,motorcycle,1441,668,1477,726,0.4386
153,5.067,car,1517,817,1655,946,0.8416
153,5.067,car,1587,693,1681,769,0.8165
153,5.067,motorcycle,1444,668,1481,724,0.5209
153,5.067,car,1432,601,1519,658,0.5083
153,5.067,car,1247,1019,1419,1080,0.4993
153,5.067,car,1690,528,1742,563,0.4751
153,5.067,motorcycle,1062,718,1111,795,0.4595
154,5.1,car,1522,810,1657,937,0.8301
154,5.1,car,1588,690,1682,766,0.7421
154,5.1,car,1439,599,1522,656,0.6248
154,5.1,car,1249,1006,1432,1080,0.5853
154,5.1,motorcycle,1069,712,1116,790,0.5223
154,5.1,car,1738,507,1774,546,0.459
154,5.1,car,1690,528,1738,560,0.4576
154,5.1,motorcycle,843,851,933,930,0.4198
154,5.1,motorcycle,1345,888,1402,953,0.4187
154,5.1,motorcycle,1340,846,1401,952,0.4011
155,5.133,car,1523,805,1658,929,0.7874
155,5.133,car,1590,686,1680,763,0.7792
155,5.133,car,1255,995,1440,1080,0.6632
155,5.133,car,1442,600,1523,654,0.5365
155,5.133,motorcycle,1350,877,1409,947,0.5152
155,5.133,motorcycle,1346,845,1409,946,0.4748
155,5.133,car,1690,528,1738,561,0.4703
155,5.133,motorcycle,1076,722,1125,788,0.4379
155,5.133,motorcycle,855,861,939,925,0.4372
155,5.133,motorcycle,1450,657,1488,717,0.4324
155,5.133,motorcycle,856,813,941,924,0.4008
156,5.167,car,1528,802,1659,920,0.8444
156,5.167,car,1593,683,1677,758,0.7992
156,5.167,car,1263,984,1447,1080,0.7474
156,5.167,car,1447,598,1527,652,0.6826
156,5.167,motorcycle,1450,654,1488,714,0.4887
156,5.167,car,1690,527,1739,563,0.4403
157,5.2,car,1532,792,1659,912,0.8524
157,5.2,car,1271,972,1455,1080,0.8192
157,5.2,car,1594,680,1679,755,0.8101
157,5.2,car,1452,594,1528,651,0.6414
157,5.2,motorcycle,1453,651,1491,713,0.5878
157,5.2,motorcycle,1087,707,1135,783,0.4725
157,5.2,motorcycle,1358,865,1416,935,0.4146
158,5.233,car,1537,789,1662,905,0.8747
158,5.233,car,1595,677,1679,752,0.7951
158,5.233,car,1281,963,1464,1080,0.7506
158,5.233,car,1454,595,1531,648,0.644
158,5.233,motorcycle,1453,651,1492,709,0.5556
158,5.233,motorcycle,1094,722,1140,778,0.4876
158,5.233,motorcycle,1362,869,1420,930,0.4532
158,5.233,motorcycle,1361,829,1421,929,0.41
158,5.233,motorcycle,888,851,961,908,0.4077
159,5.267,car,1541,783,1662,897,0.8975
159,5.267,car,1290,955,1471,1080,0.843
159,5.267,car,1595,673,1684,747,0.7209
159,5.267,car,1458,591,1535,647,0.5447
159,5.267,motorcycle,1364,843,1424,920,0.4805
159,5.267,motorcycle,900,846,979,905,0.4489
159,5.267,motorcycle,1102,711,1149,775,0.4251
160,5.3,car,1543,778,1662,886,0.8555
160,5.3,car,1304,942,1474,1079,0.8452
160,5.3,car,1596,670,1685,744,0.7131
160,5.3,car,1460,591,1537,645,0.5604
160,5.3,motorcycle,1370,859,1427,917,0.5328
160,5.3,motorcycle,1109,712,1153,769,0.4745
160,5.3,motorcycle,910,806,987,899,0.4244
161,5.333,car,1312,932,1481,1077,0.853
161,5.333,car,1546,773,1664,881,0.8191
161,5.333,car,1596,668,1686,741,0.6897
161,5.333,car,1465,589,1541,643,0.6714
161,5.333,motorcycle,1375,847,1426,912,0.5466
161,5.333,motorcycle,920,812,993,890,0.4492
161,5.333,car,1688,523,1736,554,0.4439
162,5.367,car,1322,923,1488,1076,0.8726
162,5.367,car,1547,767,1664,874,0.8185
162,5.367,car,1596,666,1686,738,0.7834
162,5.367,car,1469,585,1544,639,0.5674
162,5.367,motorcycle,1378,840,1432,905,0.5536
162,5.367,motorcycle,1120,693,1165,765,0.5419
162,5.367,motorcycle,1378,804,1433,905,0.4916
162,5.367,motorcycle,930,803,1006,888,0.4665
162,5.367,car,1689,523,1733,554,0.4104
163,5.4,car,1333,916,1494,1064,0.8668
163,5.4,car,1549,762,1664,868,0.8524
163,5.4,car,1596,663,1686,733,0.8083
163,5.4,motorcycle,1129,698,1172,762,0.5935
163,5.4,car,1473,581,1548,636,0.581
163,5.4,motorcycle,1383,835,1436,902,0.5409
163,5.4,motorcycle,939,806,1014,880,0.5327
163,5.4,motorcycle,1382,800,1436,899,0.4672
163,5.4,car,1689,523,1729,552,0.419
164,5.433,car,1342,907,1500,1052,0.8799
164,5.433,car,1551,757,1668,861,0.8567
164,5.433,car,1596,660,1684,730,0.7311
164,5.433,car,1476,578,1553,634,0.5921
164,5.433,motorcycle,1384,832,1438,897,0.4978
164,5.433,motorcycle,1131,707,1176,761,0.4976
164,5.433,motorcycle,953,802,1025,876,0.4332
164,5.433,car,1689,522,1730,551,0.4143
165,5.467,car,1554,754,1667,854,0.8093
165,5.467,car,1596,657,1684,727,0.7952
165,5.467,car,1349,893,1506,1040,0.7946
165,5.467,car,1478,580,1555,633,0.7418
165,5.467,motorcycle,961,805,1031,873,0.4603
165,5.467,motorcycle,961,775,1032,872,0.4529
166,5.5,car,1559,747,1666,849,0.873
166,5.5,car,1358,889,1512,1030,0.8238
166,5.5,car,1599,654,1684,721,0.7828
166,5.5,car,1479,576,1557,632,0.6747
166,5.5,motorcycle,1143,691,1187,755,0.5083
166,5.5,motorcycle,1393,800,1444,886,0.5059
166,5.5,motorcycle,970,798,1039,866,0.434
167,5.533,car,1560,745,1667,841,0.846
167,5.533,car,1365,877,1518,1017,0.7809
167,5.533,car,1601,652,1685,720,0.7804
167,5.533,car,1482,576,1557,630,0.7106
167,5.533,motorcycle,1150,687,1190,753,0.5379
167,5.533,person,1394,778,1446,875,0.4501
167,5.533,person,1153,684,1189,750,0.4068
167,5.533,motorcycle,977,791,1048,864,0.4064
168,5.567,car,1563,739,1669,836,0.813
168,5.567,car,1603,650,1685,716,0.7219
168,5.567,car,1487,575,1559,626,0.6966
168,5.567,car,1376,869,1524,1006,0.6944
168,5.567,motorcycle,988,797,1055,858,0.4746
168,5.567,motorcycle,1156,691,1197,750,0.4487
168,5.567,motorcycle,1401,777,1450,870,0.4443
169,5.6,car,1564,734,1671,829,0.8115
169,5.6,car,1382,865,1528,996,0.7591
169,5.6,car,1605,648,1686,712,0.744
169,5.6,car,1489,576,1557,623,0.6469
169,5.6,motorcycle,996,799,1061,855,0.4981
169,5.6,motorcycle,1163,677,1201,745,0.4708
169,5.6,motorcycle,1404,794,1449,868,0.4229
170,5.633,car,1568,731,1669,823,0.8814
170,5.633,car,1606,647,1687,709,0.698
170,5.633,car,1394,860,1533,986,0.6641
170,5.633,car,1493,573,1562,622,0.619
170,5.633,motorcycle,1469,626,1513,682,0.5254
170,5.633,motorcycle,1005,790,1070,851,0.4521
170,5.633,motorcycle,1166,676,1207,745,0.4288
171,5.667,car,1570,730,1670,817,0.8662
171,5.667,car,1398,849,1536,976,0.718
171,5.667,car,1607,645,1687,706,0.6939
171,5.667,car,1497,571,1564,619,0.6236
171,5.667,person,1409,765,1460,859,0.4965
171,5.667,motorcycle,1470,625,1513,681,0.4962
171,5.667,motorcycle,1013,752,1077,844,0.4761
171,5.667,motorcycle,1014,790,1076,846,0.42
172,5.7,car,1571,729,1668,812,0.8238
172,5.7,car,1404,844,1541,966,0.7373
172,5.7,car,1608,643,1688,703,0.6434
172,5.7,motorcycle,1473,622,1513,680,0.5291
172,5.7,car,1501,569,1566,616,0.5133
172,5.7,motorcycle,1020,765,1086,840,0.4484
173,5.733,car,1571,721,1670,807,0.8104
173,5.733,car,1610,641,1686,700,0.7132
173,5.733,car,1410,805,1547,958,0.5098
173,5.733,person,1414,757,1466,850,0.4756
173,5.733,car,1504,565,1571,615,0.4712
173,5.733,motorcycle,1183,670,1223,735,0.4564
173,5.733,motorcycle,1476,625,1514,677,0.4241
174,5.767,car,1571,717,1671,802,0.7887
174,5.767,car,1610,637,1686,697,0.7218
174,5.767,car,1418,831,1551,948,0.7187
174,5.767,car,1506,566,1572,612,0.6269
174,5.767,person,1189,666,1226,733,0.4344
174,5.767,motorcycle,1188,667,1227,733,0.4124
175,5.8,car,1574,709,1672,796,0.8254
175,5.8,car,1508,563,1574,611,0.6571
175,5.8,car,1611,633,1688,696,0.656
175,5.8,car,1423,822,1553,939,0.6026
175,5.8,motorcycle,1421,752,1469,842,0.4368
176,5.833,car,1577,709,1671,791,0.7509
176,5.833,car,1611,633,1688,693,0.5741
176,5.833,car,1509,563,1576,610,0.5689
176,5.833,motorcycle,1425,750,1472,836,0.5333
176,5.833,car,1430,816,1558,934,0.4778
176,5.833,motorcycle,1199,674,1233,730,0.4568
177,5.867,car,1578,707,1672,786,0.7636
177,5.867,car,1513,558,1581,608,0.6688
177,5.867,car,1612,628,1689,690,0.5824
177,5.867,motorcycle,1428,749,1476,832,0.5234
177,5.867,motorcycle,1204,677,1239,728,0.469
177,5.867,motorcycle,1057,739,1120,819,0.4546
177,5.867,car,1436,814,1562,924,0.4513
178,5.9,car,1581,705,1673,781,0.7882
178,5.9,car,1441,808,1565,917,0.6493
178,5.9,motorcycle,1065,750,1127,815,0.5724
178,5.9,car,1613,625,1687,689,0.5613
178,5.9,motorcycle,1210,663,1246,723,0.4673
178,5.9,motorcycle,1429,738,1476,826,0.4549
178,5.9,car,1519,559,1581,605,0.4449
178,5.9,person,1429,738,1476,824,0.4388
178,5.9,motorcycle,1487,614,1519,666,0.4218
179,5.933,car,1582,695,1673,776,0.7755
179,5.933,car,1614,623,1689,685,0.5383
179,5.933,car,1445,799,1569,910,0.5376
179,5.933,motorcycle,1431,735,1478,823,0.4981
179,5.933,motorcycle,1213,659,1251,720,0.4799
179,5.933,motorcycle,1073,753,1132,814,0.4747
179,5.933,motorcycle,1489,613,1520,662,0.4261
180,5.967,car,1585,693,1674,772,0.7478
180,5.967,car,1614,622,1688,682,0.6245
180,5.967,car,1524,553,1587,601,0.5301
180,5.967,car,1451,796,1572,899,0.4925
181,6.0,car,1585,688,1674,765,0.7198
181,6.0,car,1617,621,1687,680,0.6057
181,6.0,motorcycle,1085,746,1144,804,0.465
181,6.0,car,1455,790,1575,894,0.4622
181,6.0,motorcycle,1438,731,1482,814,0.4578
181,6.0,car,1525,539,1587,600,0.417
182,6.033,car,1587,687,1674,762,0.718
182,6.033,car,1617,619,1685,678,0.6157
182,6.033,car,1461,785,1579,881,0.6068
182,6.033,car,1526,549,1589,599,0.566
183,6.067,car,1588,683,1674,757,0.8117
183,6.067,car,1465,780,1582,878,0.7203
183,6.067,car,1617,616,1686,675,0.6196
183,6.067,car,1528,549,1590,597,0.511
184,6.1,car,1590,682,1674,754,0.7002
184,6.1,car,1618,615,1686,672,0.5867
184,6.1,car,1532,547,1591,596,0.5125
184,6.1,motorcycle,1235,651,1273,709,0.4924
184,6.1,motorcycle,1447,720,1488,799,0.4139
184,6.1,motorcycle,1109,735,1160,793,0.4019
185,6.133,car,1591,680,1675,749,0.7588
185,6.133,car,1475,769,1586,864,0.5791
185,6.133,motorcycle,1449,716,1489,796,0.5596
185,6.133,car,1534,547,1595,593,0.5253
185,6.133,motorcycle,1114,730,1168,789,0.5052
185,6.133,car,1618,611,1688,670,0.4951
185,6.133,motorcycle,1236,656,1276,707,0.448
186,6.167,car,1478,764,1591,859,0.772
186,6.167,car,1593,673,1672,744,0.7035
186,6.167,motorcycle,1119,717,1174,785,0.5624
186,6.167,car,1619,608,1688,667,0.5543
186,6.167,car,1537,549,1597,591,0.5226
186,6.167,motorcycle,1450,716,1491,794,0.4903
187,6.2,car,1484,759,1593,852,0.618
187,6.2,car,1594,670,1673,741,0.6069
187,6.2,motorcycle,1128,721,1178,781,0.5497
187,6.2,car,1621,607,1689,666,0.47
187,6.2,motorcycle,1451,714,1492,791,0.4674
187,6.2,car,1539,549,1596,587,0.4111
188,6.233,car,1595,667,1674,735,0.6555
188,6.233,car,1490,755,1597,846,0.5641
188,6.233,motorcycle,1135,714,1186,778,0.5598
188,6.233,motorcycle,1454,709,1494,788,0.5287
188,6.233,car,1540,545,1597,587,0.4753
188,6.233,car,1620,607,1688,665,0.426
189,6.267,car,1597,663,1675,731,0.7444
189,6.267,car,1543,533,1607,586,0.5827
189,6.267,car,1621,603,1687,658,0.5552
189,6.267,car,1495,749,1599,841,0.5069
189,6.267,motorcycle,1139,721,1191,777,0.456
190,6.3,car,1497,741,1600,835,0.7707
190,6.3,car,1596,662,1675,730,0.7307
190,6.3,car,1545,538,1605,586,0.6801
190,6.3,motorcycle,1459,706,1499,779,0.6094
190,6.3,car,1621,602,1689,657,0.6023
190,6.3,motorcycle,1145,701,1195,771,0.5722
191,6.333,car,1597,660,1676,726,0.7167
191,6.333,car,1499,740,1602,828,0.7017
191,6.333,car,1547,540,1607,585,0.6259
191,6.333,car,1621,602,1689,656,0.6052
191,6.333,motorcycle,1150,707,1200,770,0.5203
191,6.333,motorcycle,1462,701,1500,776,0.4865
192,6.367,car,1503,739,1605,824,0.7426
192,6.367,motorcycle,1156,705,1205,766,0.61
192,6.367,car,1598,657,1674,721,0.6039
192,6.367,car,1548,530,1607,582,0.6034
192,6.367,car,1623,599,1687,656,0.5136
192,6.367,motorcycle,1463,700,1502,770,0.459
193,6.4,car,1510,734,1606,817,0.6827
193,6.4,car,1599,652,1673,717,0.6297
193,6.4,motorcycle,1161,703,1210,762,0.6152
193,6.4,motorcycle,1463,700,1500,769,0.5001
193,6.4,car,1550,532,1612,579,0.4334
193,6.4,car,1623,599,1689,654,0.4323
194,6.433,car,1514,732,1608,811,0.6985
194,6.433,car,1602,651,1675,715,0.668
194,6.433,car,1553,533,1611,577,0.6614
194,6.433,motorcycle,1167,705,1214,759,0.6365
194,6.433,car,1624,599,1686,648,0.5458
194,6.433,motorcycle,1467,701,1503,765,0.4641
195,6.467,car,1516,726,1612,807,0.7023
195,6.467,car,1604,648,1678,710,0.6405
195,6.467,car,1554,526,1612,577,0.64
195,6.467,car,1624,594,1687,647,0.5785
195,6.467,motorcycle,1171,701,1223,757,0.5221
195,6.467,motorcycle,1468,691,1504,762,0.4701
196,6.5,car,1520,723,1611,801,0.7424
196,6.5,car,1556,532,1612,575,0.6821
196,6.5,car,1603,645,1677,707,0.6054
196,6.5,motorcycle,1177,709,1225,753,0.5028
196,6.5,car,1625,592,1689,645,0.4797
