frame_id,timestamp_sec,track_id,class,x1,y1,x2,y2,center_x,center_y,confidence,displacement_px,direction,speed_mps,status,alerts
1,0.0,1,car,1638,775,1758,871,1698,823,0.8524,0.0,Stationary,0.0,Stationary,Normal
1,0.0,2,car,1600,696,1710,770,1655,733,0.7411,0.0,Stationary,0.0,Stationary,Normal
1,0.0,3,person,1620,937,1685,1077,1652,1007,0.6261,0.0,Stationary,0.0,Stationary,Normal
1,0.0,4,car,1603,561,1648,608,1625,584,0.5527,0.0,Stationary,0.0,Stationary,Normal
1,0.0,5,person,1019,930,1094,1053,1056,991,0.531,0.0,Stationary,0.0,Stationary,Normal
1,0.0,6,person,1287,693,1325,772,1306,732,0.4395,0.0,Stationary,0.0,Stationary,Normal
1,0.0,7,motorcycle,1297,890,1358,984,1327,937,0.4308,0.0,Stationary,0.0,Stationary,Normal
1,0.0,8,motorcycle,1025,1000,1115,1070,1070,1035,0.4221,0.0,Stationary,0.0,Stationary,Normal
1,0.0,9,motorcycle,1621,936,1686,1080,1653,1008,0.4133,0.0,Stationary,0.0,Stationary,Normal
1,0.0,10,person,1806,660,1838,721,1822,690,0.4021,0.0,Stationary,0.0,Stationary,Normal
2,0.033,1,car,1639,772,1759,867,1699,819,0.8358,4.12,Up,1.55,Moving,Normal
2,0.033,2,car,1603,693,1715,769,1659,731,0.8367,4.47,Right,1.68,Moving,Normal
2,0.033,3,motorcycle,1631,946,1689,1069,1660,1007,0.4283,8.0,Right,3.0,Moving,Normal
2,0.033,5,person,1022,927,1094,1046,1058,986,0.4297,5.39,Up,2.02,Moving,Normal
2,0.033,6,motorcycle,1294,694,1330,770,1312,732,0.4805,6.0,Right,2.25,Moving,Normal
2,0.033,7,person,1292,856,1367,972,1329,914,0.4073,23.09,Up,8.66,Moving,Normal
2,0.033,8,motorcycle,1031,987,1126,1061,1078,1024,0.4542,13.6,Up,5.1,Moving,Normal
2,0.033,9,person,1629,930,1685,1051,1657,990,0.4736,18.44,Up,6.92,Moving,Normal
3,0.067,1,car,1643,771,1759,863,1701,817,0.8167,2.83,Stationary,1.06,Stationary,Normal
3,0.067,2,car,1608,691,1719,766,1663,728,0.8733,5.0,Right,1.88,Moving,Normal
3,0.067,3,motorcycle,1641,957,1689,1060,1665,1008,0.481,5.1,Right,1.91,Moving,Normal
3,0.067,7,motorcycle,1301,852,1377,968,1339,910,0.4489,10.77,Right,4.04,Moving,Normal
3,0.067,8,motorcycle,1036,973,1136,1052,1086,1012,0.4013,14.42,Up,5.41,Moving,Normal
3,0.067,9,person,1635,918,1689,1037,1662,977,0.5151,13.93,Up,5.22,Moving,Normal
3,0.067,11,car,1886,512,1916,547,1901,529,0.5659,0.0,Stationary,0.0,Stationary,Normal
4,0.1,1,car,1643,766,1760,859,1701,812,0.7338,5.0,Up,1.88,Moving,Normal
4,0.1,2,car,1614,689,1721,762,1667,725,0.7815,5.0,Right,1.88,Moving,Normal
4,0.1,3,motorcycle,1652,978,1687,1050,1669,1014,0.4126,7.21,Down,2.7,Moving,Normal
4,0.1,8,motorcycle,1049,967,1146,1043,1097,1005,0.4365,13.04,Right,4.89,Moving,Normal
4,0.1,9,motorcycle,1641,929,1694,1044,1667,986,0.4521,10.3,Down,3.86,Moving,DIRECTION_REVERSAL
4,0.1,11,car,1887,514,1916,548,1901,531,0.5949,2.0,Stationary,0.75,Stationary,Normal
5,0.133,1,car,1644,757,1766,853,1705,805,0.5711,8.06,Up,3.02,Moving,Normal
5,0.133,2,car,1618,687,1724,759,1671,723,0.7902,4.47,Right,1.68,Moving,Normal
5,0.133,9,motorcycle,1650,941,1695,1036,1672,988,0.4072,5.39,Right,2.02,Moving,Normal
5,0.133,11,car,1887,513,1916,546,1901,529,0.5102,2.0,Stationary,0.75,Stationary,Normal
5,0.133,7,motorcycle,1327,871,1383,958,1355,914,0.4099,16.49,Right,6.18,Moving,Normal
6,0.167,1,car,1647,753,1768,850,1707,801,0.5829,4.47,Up,1.68,Moving,Normal
6,0.167,2,car,1621,686,1726,756,1673,721,0.7665,2.83,Stationary,1.06,Stationary,Normal
6,0.167,11,car,1888,513,1915,544,1901,528,0.4486,1.0,Stationary,0.38,Stationary,Normal
6,0.167,7,motorcycle,1337,874,1388,950,1362,912,0.4173,7.28,Right,2.73,Moving,Normal
6,0.167,8,motorcycle,1043,908,1185,1023,1114,965,0.4779,43.46,Up,16.3,Moving,Normal
7,0.2,1,car,1650,751,1767,844,1708,797,0.7464,4.12,Up,1.55,Moving,Normal
7,0.2,2,car,1624,683,1726,752,1675,717,0.6935,4.47,Up,1.68,Moving,Normal
7,0.2,11,car,1888,516,1914,545,1901,530,0.497,2.0,Stationary,0.75,Stationary,Normal
7,0.2,7,motorcycle,1336,847,1399,943,1367,895,0.4363,17.72,Up,6.64,Moving,Normal
7,0.2,16,person,1332,826,1394,943,1363,884,0.4001,0.0,Stationary,0.0,Stationary,Normal
8,0.233,1,car,1651,747,1767,839,1709,793,0.748,4.12,Up,1.55,Moving,Normal
8,0.233,2,car,1628,680,1729,749,1678,714,0.7301,4.24,Stationary,1.59,Stationary,Normal
8,0.233,11,car,1888,515,1914,544,1901,529,0.501,1.0,Stationary,0.38,Stationary,Normal
8,0.233,7,motorcycle,1344,844,1405,938,1374,891,0.5184,8.06,Right,3.02,Moving,Normal
9,0.267,1,car,1655,745,1767,835,1711,790,0.6475,3.61,Stationary,1.35,Stationary,Normal
9,0.267,2,car,1632,678,1732,746,1682,712,0.6419,4.47,Right,1.68,Moving,Normal
9,0.267,7,motorcycle,1350,839,1410,932,1380,885,0.4497,8.49,Up,3.18,Moving,Normal
9,0.267,4,car,1617,560,1654,600,1635,580,0.4524,10.77,Right,4.04,Moving,Normal
10,0.3,1,car,1658,740,1770,830,1714,785,0.747,5.83,Up,2.19,Moving,Normal
10,0.3,2,car,1635,675,1735,744,1685,709,0.6959,4.24,Stationary,1.59,Stationary,Normal
10,0.3,7,motorcycle,1360,848,1412,926,1386,887,0.4492,6.32,Right,2.37,Moving,Normal
10,0.3,21,motorcycle,1663,886,1717,987,1690,936,0.5595,0.0,Stationary,0.0,Stationary,Normal
11,0.333,1,car,1659,737,1769,825,1714,781,0.7487,4.0,Up,1.5,Moving,Normal
11,0.333,2,car,1638,673,1737,742,1687,707,0.6628,2.83,Stationary,1.06,Stationary,Normal
11,0.333,7,motorcycle,1361,828,1420,919,1390,873,0.4036,14.56,Up,5.46,Moving,Normal
11,0.333,21,motorcycle,1668,886,1718,981,1693,933,0.5904,4.24,Stationary,1.59,Stationary,Normal
11,0.333,23,motorcycle,1112,877,1199,985,1155,931,0.4827,0.0,Stationary,0.0,Stationary,Normal
11,0.333,11,car,1887,511,1914,541,1900,526,0.5072,3.16,Stationary,1.19,Stationary,Normal
12,0.367,1,car,1662,732,1771,820,1716,776,0.746,5.39,Up,2.02,Moving,Normal
12,0.367,2,car,1641,672,1739,739,1690,705,0.6286,3.61,Stationary,1.35,Stationary,Normal
12,0.367,7,person,1364,810,1426,907,1395,858,0.4556,15.81,Up,5.93,Moving,Normal
12,0.367,21,motorcycle,1678,900,1718,973,1698,936,0.42,5.83,Right,2.19,Moving,Normal
12,0.367,23,motorcycle,1118,865,1210,979,1164,922,0.4921,12.73,Up,4.77,Moving,Normal
12,0.367,24,motorcycle,1669,860,1726,969,1697,914,0.4256,0.0,Stationary,0.0,Stationary,Normal
12,0.367,11,car,1885,508,1916,540,1900,524,0.6118,2.0,Stationary,0.75,Stationary,Normal
13,0.4,1,car,1664,727,1773,815,1718,771,0.7312,5.39,Up,2.02,Moving,Normal
13,0.4,2,car,1644,669,1741,735,1692,702,0.6243,3.61,Stationary,1.35,Stationary,Normal
13,0.4,7,motorcycle,1373,815,1430,904,1401,859,0.468,6.08,Right,2.28,Moving,Normal
13,0.4,23,motorcycle,1129,864,1214,970,1171,917,0.458,8.6,Right,3.23,Moving,Normal
13,0.4,24,person,1672,847,1728,953,1700,900,0.4691,14.32,Up,5.37,Moving,Normal
13,0.4,11,car,1885,508,1915,539,1900,523,0.5545,1.0,Stationary,0.38,Stationary,Normal
14,0.433,1,car,1666,726,1773,811,1719,768,0.8306,3.16,Stationary,1.19,Stationary,Normal
14,0.433,2,car,1647,667,1743,733,1695,700,0.5428,3.61,Stationary,1.35,Stationary,Normal
14,0.433,7,motorcycle,1377,803,1436,898,1406,850,0.4022,10.3,Up,3.86,Moving,Normal
15,0.467,1,car,1668,724,1772,808,1720,766,0.6671,2.24,Stationary,0.84,Stationary,Normal
15,0.467,2,car,1651,665,1745,730,1698,697,0.4504,4.24,Stationary,1.59,Stationary,Normal
15,0.467,7,motorcycle,1381,795,1443,894,1412,844,0.4862,8.49,Up,3.18,Moving,Normal
15,0.467,23,motorcycle,1144,847,1231,956,1187,901,0.4873,22.63,Up,8.49,Moving,Normal
15,0.467,24,motorcycle,1678,837,1734,945,1706,891,0.5918,10.82,Up,4.06,Moving,Normal
16,0.5,1,car,1672,725,1770,802,1721,763,0.5135,3.16,Stationary,1.19,Stationary,Normal
16,0.5,2,car,1654,664,1745,726,1699,695,0.452,2.24,Stationary,0.84,Stationary,Normal
16,0.5,7,motorcycle,1389,799,1445,889,1417,844,0.4293,5.0,Right,1.88,Moving,Normal
16,0.5,24,motorcycle,1681,833,1736,938,1708,885,0.4675,6.32,Up,2.37,Moving,Normal
16,0.5,11,car,1882,503,1916,537,1899,520,0.4738,3.16,Stationary,1.19,Stationary,Normal
17,0.533,1,car,1674,723,1768,798,1721,760,0.5989,3.0,Stationary,1.12,Stationary,Normal
17,0.533,2,car,1657,662,1748,725,1702,693,0.5053,3.61,Stationary,1.35,Stationary,Normal
17,0.533,7,motorcycle,1397,802,1448,885,1422,843,0.4417,5.1,Right,1.91,Moving,Normal
17,0.533,24,motorcycle,1684,826,1739,931,1711,878,0.6054,7.62,Up,2.86,Moving,Normal
17,0.533,11,car,1882,504,1915,537,1898,520,0.4603,1.0,Stationary,0.38,Stationary,Normal
17,0.533,23,motorcycle,1163,836,1245,940,1204,888,0.4717,21.4,Right,8.03,Moving,Normal
18,0.567,2,car,1659,661,1750,723,1704,692,0.5566,2.24,Stationary,0.84,Stationary,Normal
18,0.567,24,motorcycle,1686,818,1742,925,1714,871,0.5881,7.62,Up,2.86,Moving,Normal
18,0.567,11,car,1880,502,1916,536,1898,519,0.4285,1.0,Stationary,0.38,Stationary,Normal
18,0.567,23,motorcycle,1174,840,1248,935,1211,887,0.5292,7.07,Right,2.65,Moving,Normal
18,0.567,4,car,1623,550,1661,590,1642,570,0.4723,12.21,Up,4.58,Moving,Normal
19,0.6,24,motorcycle,1689,813,1744,917,1716,865,0.5468,6.32,Up,2.37,Moving,Normal
19,0.6,11,car,1879,500,1916,536,1897,518,0.4397,1.41,Stationary,0.53,Stationary,Normal
19,0.6,23,motorcycle,1186,847,1252,930,1219,888,0.434,8.06,Right,3.02,Moving,Normal
19,0.6,4,car,1623,547,1663,589,1643,568,0.523,2.24,Stationary,0.84,Stationary,Normal
19,0.6,1,car,1673,713,1772,791,1722,752,0.5945,8.06,Up,3.02,Moving,Normal
19,0.6,7,motorcycle,1406,791,1457,874,1431,832,0.4254,14.21,Up,5.33,Moving,Normal
20,0.633,24,motorcycle,1691,805,1745,909,1718,857,0.6208,8.25,Up,3.09,Moving,Normal
20,0.633,11,car,1880,504,1913,534,1896,519,0.42,1.41,Stationary,0.53,Stationary,Normal
20,0.633,23,motorcycle,1191,840,1258,924,1224,882,0.4347,7.81,Up,2.93,Moving,Normal
20,0.633,7,motorcycle,1409,778,1464,870,1436,824,0.4291,9.43,Up,3.54,Moving,Normal
20,0.633,2,car,1662,654,1756,719,1709,686,0.4861,7.81,Up,2.93,Moving,Normal
21,0.667,24,motorcycle,1693,799,1746,901,1719,850,0.6834,7.07,Up,2.65,Moving,Normal
21,0.667,23,motorcycle,1200,834,1265,917,1232,875,0.482,10.63,Right,3.99,Moving,Normal
21,0.667,1,car,1673,703,1776,784,1724,743,0.4206,9.22,Up,3.46,Moving,Normal
22,0.7,24,motorcycle,1695,796,1746,896,1720,846,0.6645,4.12,Up,1.55,Moving,Normal
22,0.7,23,motorcycle,1207,829,1272,912,1239,870,0.5161,8.6,Right,3.23,Moving,Normal
22,0.7,1,motorcycle,1674,699,1777,781,1725,740,0.4136,3.16,Stationary,1.19,Stationary,Normal
22,0.7,11,car,1878,500,1914,532,1896,516,0.4459,3.0,Stationary,1.12,Stationary,Normal
23,0.733,24,motorcycle,1699,796,1747,889,1723,842,0.5817,5.0,Up,1.88,Moving,Normal
23,0.733,23,motorcycle,1220,842,1272,907,1246,874,0.4716,8.06,Right,3.02,Moving,Normal
23,0.733,11,car,1878,501,1913,532,1895,516,0.4882,1.0,Stationary,0.38,Stationary,Normal
24,0.767,24,motorcycle,1700,793,1748,884,1724,838,0.4943,4.12,Up,1.55,Moving,Normal
24,0.767,23,motorcycle,1216,810,1284,896,1250,853,0.4926,21.38,Up,8.02,Moving,Normal
24,0.767,11,car,1876,504,1909,532,1892,518,0.5273,3.61,Stationary,1.35,Stationary,Normal
24,0.767,7,motorcycle,1427,757,1482,848,1454,802,0.4181,28.43,Up,10.66,Moving,Normal
25,0.8,24,motorcycle,1703,786,1750,875,1726,830,0.4689,8.25,Up,3.09,Moving,Normal
25,0.8,23,motorcycle,1220,796,1293,891,1256,843,0.4832,11.66,Up,4.37,Moving,Normal
25,0.8,11,car,1871,498,1910,532,1890,515,0.4051,3.61,Stationary,1.35,Stationary,Normal
25,0.8,7,motorcycle,1429,750,1485,844,1457,797,0.5116,5.83,Up,2.19,Moving,Normal
26,0.833,24,motorcycle,1706,781,1752,869,1729,825,0.6111,5.83,Up,2.19,Moving,Normal
26,0.833,23,motorcycle,1227,796,1296,886,1261,841,0.5162,5.39,Right,2.02,Moving,Normal
26,0.833,7,motorcycle,1437,755,1487,839,1462,797,0.4562,5.0,Right,1.88,Moving,Normal
27,0.867,24,motorcycle,1706,775,1753,862,1729,818,0.5588,7.0,Up,2.62,Moving,Normal
27,0.867,23,motorcycle,1233,789,1303,881,1268,835,0.5839,9.22,Right,3.46,Moving,Normal
27,0.867,7,motorcycle,1446,761,1491,836,1468,798,0.5035,6.08,Right,2.28,Moving,Normal
28,0.9,24,motorcycle,1709,776,1753,858,1731,817,0.5366,2.24,Stationary,0.84,Stationary,Normal
28,0.9,23,motorcycle,1241,790,1305,875,1273,832,0.4585,5.83,Right,2.19,Moving,Normal
28,0.9,7,motorcycle,1446,751,1495,831,1470,791,0.4493,7.28,Up,2.73,Moving,Normal
29,0.933,24,motorcycle,1710,770,1754,852,1732,811,0.5332,6.08,Up,2.28,Moving,Normal
29,0.933,23,motorcycle,1245,779,1314,871,1279,825,0.5749,9.22,Up,3.46,Moving,Normal
29,0.933,7,motorcycle,1450,742,1500,826,1475,784,0.542,8.6,Up,3.23,Moving,Normal
30,0.967,24,motorcycle,1712,768,1756,848,1734,808,0.4484,3.61,Stationary,1.35,Stationary,Normal
30,0.967,23,motorcycle,1254,778,1318,865,1286,821,0.613,8.06,Right,3.02,Moving,Normal
30,0.967,7,motorcycle,1455,737,1505,821,1480,779,0.4788,7.07,Up,2.65,Moving,Normal
31,1.0,24,motorcycle,1714,760,1758,842,1736,801,0.5056,7.28,Up,2.73,Moving,Normal
31,1.0,23,motorcycle,1258,769,1324,860,1291,814,0.5035,8.6,Up,3.23,Moving,Normal
31,1.0,7,motorcycle,1462,740,1509,817,1485,778,0.4159,5.1,Right,1.91,Moving,Normal
32,1.033,23,motorcycle,1262,764,1328,857,1295,810,0.4713,5.66,Up,2.12,Moving,Normal
32,1.033,7,motorcycle,1470,747,1510,813,1490,780,0.4464,5.39,Right,2.02,Moving,Normal
33,1.067,23,motorcycle,1269,761,1332,850,1300,805,0.5243,7.07,Up,2.65,Moving,Normal
33,1.067,7,motorcycle,1475,749,1512,809,1493,779,0.4706,3.16,Stationary,1.19,Stationary,Normal
33,1.067,24,motorcycle,1716,753,1759,833,1737,793,0.5729,8.06,Up,3.02,Moving,Normal
34,1.1,23,motorcycle,1275,756,1337,844,1306,800,0.6747,7.81,Right,2.93,Moving,Normal
34,1.1,7,motorcycle,1472,727,1519,804,1495,765,0.4989,14.14,Up,5.3,Moving,Normal
34,1.1,24,motorcycle,1717,748,1760,828,1738,788,0.6394,5.1,Up,1.91,Moving,Normal
35,1.133,23,motorcycle,1281,752,1341,840,1311,796,0.6101,6.4,Right,2.4,Moving,Normal
35,1.133,7,motorcycle,1475,719,1523,799,1499,759,0.5773,7.21,Up,2.7,Moving,Normal
35,1.133,24,motorcycle,1719,746,1761,823,1740,784,0.4435,4.47,Up,1.68,Moving,Normal
36,1.167,23,motorcycle,1287,750,1346,836,1316,793,0.4787,5.83,Right,2.19,Moving,Normal
36,1.167,7,motorcycle,1478,713,1527,794,1502,753,0.6163,6.71,Up,2.52,Moving,Normal
36,1.167,24,motorcycle,1719,740,1761,818,1740,779,0.5258,5.0,Up,1.88,Moving,Normal
37,1.2,23,motorcycle,1292,746,1350,832,1321,789,0.4792,6.4,Right,2.4,Moving,Normal
37,1.2,7,motorcycle,1482,710,1529,789,1505,749,0.595,5.0,Up,1.88,Moving,Normal
37,1.2,24,motorcycle,1719,736,1761,813,1740,774,0.4497,5.0,Up,1.88,Moving,Normal
37,1.2,11,car,1863,495,1900,526,1881,510,0.4525,10.3,Left,3.86,Moving,Normal
38,1.233,23,motorcycle,1301,754,1351,828,1326,791,0.5423,5.39,Right,2.02,Moving,Normal
38,1.233,7,motorcycle,1486,707,1533,787,1509,747,0.6205,4.47,Right,1.68,Moving,Normal
38,1.233,24,motorcycle,1720,733,1762,809,1741,771,0.5223,3.16,Stationary,1.19,Stationary,Normal
38,1.233,11,car,1863,494,1899,525,1881,509,0.5549,1.0,Stationary,0.38,Stationary,Normal
38,1.233,1,car,1693,663,1777,732,1735,697,0.4236,44.15,Up,16.56,Moving,Normal
39,1.267,23,motorcycle,1303,745,1355,822,1329,783,0.5177,8.54,Up,3.2,Moving,Normal
39,1.267,7,motorcycle,1491,707,1536,784,1513,745,0.5631,4.47,Right,1.68,Moving,Normal
39,1.267,24,motorcycle,1722,732,1762,805,1742,768,0.4088,3.16,Stationary,1.19,Stationary,Normal
39,1.267,11,car,1863,494,1899,525,1881,509,0.5089,0.0,Stationary,0.0,Stationary,Normal
40,1.3,23,motorcycle,1308,740,1361,819,1334,779,0.5876,6.4,Right,2.4,Moving,Normal
40,1.3,7,motorcycle,1495,706,1539,781,1517,743,0.5734,4.47,Right,1.68,Moving,Normal
40,1.3,11,car,1862,492,1899,524,1880,508,0.4328,1.41,Stationary,0.53,Stationary,Normal
41,1.333,23,motorcycle,1311,735,1365,815,1338,775,0.6267,5.66,Up,2.12,Moving,Normal
41,1.333,7,motorcycle,1499,707,1540,778,1519,742,0.522,2.24,Stationary,0.84,Stationary,Normal
41,1.333,1,car,1696,656,1779,722,1737,689,0.4832,8.25,Up,3.09,Moving,RAPID_DECELERATION
42,1.367,23,motorcycle,1317,731,1370,810,1343,770,0.5753,7.07,Up,2.65,Moving,Normal
42,1.367,7,motorcycle,1502,699,1544,772,1523,735,0.6006,8.06,Up,3.02,Moving,Normal
42,1.367,1,car,1698,659,1774,720,1736,689,0.5327,1.0,Stationary,0.38,Stationary,Normal
43,1.4,23,motorcycle,1322,727,1375,807,1348,767,0.5847,5.83,Right,2.19,Moving,Normal
43,1.4,7,motorcycle,1504,693,1548,769,1526,731,0.5906,5.0,Up,1.88,Moving,Normal
43,1.4,1,car,1699,658,1773,717,1736,687,0.4781,2.0,Stationary,0.75,Stationary,Normal
43,1.4,11,car,1860,490,1897,521,1878,505,0.4643,3.61,Stationary,1.35,Stationary,Normal
44,1.433,23,motorcycle,1327,726,1378,803,1352,764,0.6662,5.0,Right,1.88,Moving,Normal
44,1.433,7,motorcycle,1508,691,1552,767,1530,729,0.4056,4.47,Right,1.68,Moving,Normal
44,1.433,24,motorcycle,1728,719,1764,784,1746,751,0.4997,17.46,Up,6.55,Moving,Normal
45,1.467,23,motorcycle,1330,719,1383,800,1356,759,0.5622,6.4,Up,2.4,Moving,Normal
45,1.467,24,motorcycle,1728,716,1764,779,1746,747,0.4427,4.0,Up,1.5,Moving,Normal
46,1.5,23,motorcycle,1334,715,1387,796,1360,755,0.6209,5.66,Up,2.12,Moving,Normal
46,1.5,24,motorcycle,1728,712,1764,776,1746,744,0.5405,3.0,Stationary,1.12,Stationary,Normal
47,1.533,23,motorcycle,1338,714,1389,792,1363,753,0.6528,3.61,Stationary,1.35,Stationary,Normal
47,1.533,24,motorcycle,1729,710,1765,773,1747,741,0.4191,3.16,Stationary,1.19,Stationary,Normal
48,1.567,23,motorcycle,1344,713,1393,788,1368,750,0.5676,5.83,Right,2.19,Moving,Normal
48,1.567,1,car,1704,647,1779,705,1741,676,0.4318,12.08,Up,4.53,Moving,Normal
48,1.567,7,motorcycle,1522,681,1563,752,1542,716,0.4297,17.69,Up,6.63,Moving,Normal
49,1.6,23,motorcycle,1348,709,1397,783,1372,746,0.7088,5.66,Up,2.12,Moving,Normal
49,1.6,7,motorcycle,1526,676,1566,747,1546,711,0.5411,6.4,Up,2.4,Moving,Normal
50,1.633,23,motorcycle,1352,705,1400,781,1376,743,0.7215,5.0,Right,1.88,Moving,Normal
50,1.633,7,motorcycle,1528,672,1568,743,1548,707,0.5922,4.47,Up,1.68,Moving,Normal
51,1.667,23,motorcycle,1355,701,1404,777,1379,739,0.6703,5.0,Up,1.88,Moving,Normal
51,1.667,7,motorcycle,1531,670,1571,741,1551,705,0.5906,3.61,Stationary,1.35,Stationary,Normal
52,1.7,23,motorcycle,1359,697,1407,773,1383,735,0.659,5.66,Up,2.12,Moving,Normal
52,1.7,7,motorcycle,1535,672,1572,739,1553,705,0.563,2.0,Stationary,0.75,Stationary,Normal
52,1.7,1,car,1709,648,1774,696,1741,672,0.4867,4.0,Up,1.5,Moving,Normal
53,1.733,23,motorcycle,1364,696,1411,770,1387,733,0.6669,4.47,Right,1.68,Moving,Normal
53,1.733,7,motorcycle,1538,669,1575,736,1556,702,0.5528,4.24,Stationary,1.59,Stationary,Normal
54,1.767,23,motorcycle,1370,696,1414,767,1392,731,0.6185,5.39,Right,2.02,Moving,Normal
54,1.767,7,motorcycle,1541,665,1579,732,1560,698,0.5225,5.66,Up,2.12,Moving,Normal
54,1.767,1,car,1712,646,1773,691,1742,668,0.4503,4.12,Up,1.55,Moving,Normal
55,1.8,23,motorcycle,1372,692,1417,763,1394,727,0.687,4.47,Up,1.68,Moving,Normal
55,1.8,7,motorcycle,1544,661,1583,730,1563,695,0.5634,4.24,Stationary,1.59,Stationary,Normal
56,1.833,23,motorcycle,1376,688,1420,758,1398,723,0.7041,5.66,Up,2.12,Moving,Normal
56,1.833,7,motorcycle,1547,658,1586,728,1566,693,0.578,3.61,Stationary,1.35,Stationary,Normal
57,1.867,23,motorcycle,1380,685,1424,756,1402,720,0.675,5.0,Right,1.88,Moving,Normal
57,1.867,7,motorcycle,1549,654,1588,725,1568,689,0.5088,4.47,Up,1.68,Moving,Normal
58,1.9,23,motorcycle,1384,683,1427,754,1405,718,0.6514,3.61,Stationary,1.35,Stationary,Normal
58,1.9,7,motorcycle,1550,651,1589,721,1569,686,0.5795,3.16,Stationary,1.19,Stationary,Normal
59,1.933,23,motorcycle,1387,681,1430,752,1408,716,0.5816,3.61,Stationary,1.35,Stationary,Normal
59,1.933,7,motorcycle,1552,650,1591,718,1571,684,0.4161,2.83,Stationary,1.06,Stationary,Normal
61,2.0,7,motorcycle,1563,662,1592,712,1577,687,0.4288,6.71,Right,2.52,Moving,Normal
64,2.1,23,motorcycle,1405,671,1444,734,1424,702,0.4595,21.26,Right,7.97,Moving,Normal
66,2.167,1,car,1707,615,1781,671,1744,643,0.4023,25.08,Up,9.4,Moving,Normal
69,2.267,54,person,1179,840,1230,944,1204,892,0.6034,0.0,Stationary,0.0,Stationary,Normal
70,2.3,54,person,1194,832,1249,945,1221,888,0.4982,17.46,Right,6.55,Moving,Normal
70,2.3,7,person,1584,627,1619,690,1601,658,0.4439,37.64,Up,14.12,Moving,Normal
71,2.333,54,person,1205,822,1259,934,1232,878,0.5161,14.87,Right,5.58,Moving,Normal
71,2.333,7,person,1587,625,1619,686,1603,655,0.4161,3.61,Stationary,1.35,Stationary,RAPID_DECELERATION
72,2.367,54,person,1221,815,1270,915,1245,865,0.4238,18.38,Up,6.89,Moving,Normal
73,2.4,54,person,1233,810,1277,899,1255,854,0.4414,14.87,Up,5.58,Moving,Normal
73,2.4,23,person,1431,648,1469,711,1450,679,0.4151,34.71,Right,13.02,Moving,Normal
74,2.433,54,person,1240,803,1288,900,1264,851,0.4726,9.49,Right,3.56,Moving,Normal
74,2.433,23,motorcycle,1434,647,1472,709,1453,678,0.4045,3.16,Stationary,1.19,Stationary,RAPID_DECELERATION
75,2.467,54,motorcycle,1258,829,1294,900,1276,864,0.512,17.69,Down,6.63,Moving,Normal
76,2.5,1,car,1715,602,1772,646,1743,624,0.5211,19.03,Up,7.14,Moving,Normal
77,2.533,60,person,994,1023,1082,1080,1038,1051,0.6871,0.0,Stationary,0.0,Stationary,Normal
77,2.533,62,motorcycle,1268,786,1319,887,1293,836,0.5223,0.0,Stationary,0.0,Stationary,Normal
78,2.567,60,person,1001,1015,1100,1079,1050,1047,0.7314,12.65,Right,4.74,Moving,Normal
78,2.567,62,motorcycle,1283,803,1322,879,1302,841,0.4576,10.3,Right,3.86,Moving,Normal
78,2.567,1,car,1713,596,1771,641,1742,618,0.4495,6.08,Up,2.28,Moving,Normal
79,2.6,60,person,1008,1004,1125,1079,1066,1041,0.7055,17.09,Right,6.41,Moving,Normal
79,2.6,62,person,1289,774,1334,863,1311,818,0.6269,24.7,Up,9.26,Moving,Normal
80,2.633,60,person,1013,992,1146,1079,1079,1035,0.6346,14.32,Right,5.37,Moving,Normal
80,2.633,62,person,1296,765,1342,855,1319,810,0.5447,11.31,Up,4.24,Moving,Normal
80,2.633,1,car,1716,594,1771,638,1743,616,0.426,2.24,Stationary,0.84,Stationary,Normal
81,2.667,60,person,1020,982,1165,1079,1092,1030,0.5476,13.93,Right,5.22,Moving,Normal
81,2.667,62,person,1304,758,1352,852,1328,805,0.5081,10.3,Right,3.86,Moving,Normal
82,2.7,60,person,1028,973,1183,1079,1105,1026,0.629,13.6,Right,5.1,Moving,Normal
82,2.7,62,person,1312,753,1359,845,1335,799,0.6021,9.22,Right,3.46,Moving,Normal
82,2.7,23,motorcycle,1456,633,1492,691,1474,662,0.4107,26.4,Right,9.9,Moving,Normal
83,2.733,60,person,1039,962,1205,1079,1122,1020,0.6622,18.03,Right,6.76,Moving,Normal
83,2.733,62,person,1321,749,1367,842,1344,795,0.5028,9.85,Right,3.69,Moving,Normal
83,2.733,66,car,1759,562,1811,603,1785,582,0.4215,0.0,Stationary,0.0,Stationary,Normal
84,2.767,60,person,1045,953,1218,1079,1131,1016,0.5849,9.85,Right,3.69,Moving,Normal
84,2.767,66,car,1761,562,1810,599,1785,580,0.5492,2.0,Stationary,0.75,Stationary,Normal
85,2.8,66,car,1763,564,1808,599,1785,581,0.4591,1.0,Stationary,0.38,Stationary,Normal
85,2.8,62,person,1335,737,1380,828,1357,782,0.4967,18.38,Up,6.89,Moving,Normal
86,2.833,66,car,1759,558,1810,598,1784,578,0.4609,3.16,Stationary,1.19,Stationary,Normal
86,2.833,67,car,580,995,945,1079,762,1037,0.6997,0.0,Stationary,0.0,Stationary,Normal
86,2.833,68,motorcycle,695,793,771,887,733,840,0.4796,0.0,Stationary,0.0,Stationary,Normal
86,2.833,62,motorcycle,1349,759,1384,825,1366,792,0.4442,13.45,Down,5.04,Moving,DIRECTION_REVERSAL
86,2.833,1,car,1717,587,1768,628,1742,607,0.4711,9.06,Up,3.4,Moving,Normal
87,2.867,66,car,1760,558,1810,597,1785,577,0.5255,1.41,Stationary,0.53,Stationary,Normal
87,2.867,67,car,581,982,995,1078,788,1030,0.8124,26.93,Right,10.1,Moving,Normal
87,2.867,68,motorcycle,710,794,781,882,745,838,0.5514,12.17,Right,4.56,Moving,Normal
87,2.867,70,person,1123,930,1199,1039,1161,984,0.473,0.0,Stationary,0.0,Stationary,Normal
88,2.9,66,car,1758,555,1812,596,1785,575,0.569,2.0,Stationary,0.75,Stationary,Normal
88,2.9,67,car,570,964,1058,1078,814,1021,0.7457,27.51,Right,10.32,Moving,Normal
88,2.9,68,motorcycle,728,801,791,878,759,839,0.4159,14.04,Right,5.26,Moving,Normal
88,2.9,70,person,1136,922,1202,1017,1169,969,0.4368,17.0,Up,6.38,Moving,Normal
88,2.9,62,person,1357,726,1400,809,1378,767,0.4182,27.73,Up,10.4,Moving,DIRECTION_REVERSAL
88,2.9,1,car,1717,582,1772,625,1744,603,0.5492,4.47,Up,1.68,Moving,Normal
89,2.933,66,car,1759,555,1812,596,1785,575,0.4388,0.0,Stationary,0.0,Stationary,Normal
89,2.933,67,car,570,948,1115,1078,842,1013,0.7886,29.12,Right,10.92,Moving,Normal
89,2.933,68,motorcycle,734,782,806,871,770,826,0.4957,17.03,Up,6.39,Moving,Normal
89,2.933,70,person,1144,913,1213,1012,1178,962,0.4589,11.4,Right,4.28,Moving,Normal
89,2.933,62,motorcycle,1367,738,1404,807,1385,772,0.4112,8.6,Right,3.23,Moving,Normal
89,2.933,1,car,1716,580,1771,625,1743,602,0.4212,1.41,Stationary,0.53,Stationary,Normal
90,2.967,66,car,1763,561,1809,596,1786,578,0.4871,3.16,Stationary,1.19,Stationary,Normal
90,2.967,67,car,570,932,1168,1078,869,1005,0.7881,28.16,Right,10.56,Moving,Normal
90,2.967,62,person,1372,722,1414,799,1393,760,0.451,14.42,Up,5.41,Moving,Normal
90,2.967,1,car,1717,579,1772,623,1744,601,0.5647,1.41,Stationary,0.53,Stationary,Normal
91,3.0,66,car,1751,539,1821,594,1786,566,0.6342,12.0,Up,4.5,Moving,Normal
91,3.0,67,car,572,916,1217,1078,894,997,0.8266,26.25,Right,9.84,Moving,Normal
91,3.0,62,person,1378,713,1421,793,1399,753,0.5181,9.22,Up,3.46,Moving,Normal
91,3.0,1,car,1717,579,1772,624,1744,601,0.5297,0.0,Stationary,0.0,Stationary,Normal
91,3.0,23,motorcycle,1476,614,1511,673,1493,643,0.4454,26.87,Up,10.08,Moving,Normal
91,3.0,68,motorcycle,752,763,830,860,791,811,0.4085,25.81,Right,9.68,Moving,Normal
91,3.0,70,person,1165,900,1232,995,1198,947,0.487,25.0,Right,9.38,Moving,Normal
92,3.033,66,car,1749,532,1822,591,1785,561,0.5166,5.1,Up,1.91,Moving,Normal
92,3.033,67,car,585,903,1253,1078,919,990,0.8632,25.96,Right,9.74,Moving,Normal
92,3.033,62,person,1383,707,1426,788,1404,747,0.4631,7.81,Up,2.93,Moving,Normal
92,3.033,1,car,1716,576,1772,622,1744,599,0.4241,2.0,Stationary,0.75,Stationary,Normal
92,3.033,68,motorcycle,764,757,844,857,804,807,0.4676,13.6,Right,5.1,Moving,Normal
92,3.033,70,person,1171,892,1245,1000,1208,946,0.6417,10.05,Right,3.77,Moving,Normal
93,3.067,66,car,1748,529,1823,591,1785,560,0.5124,1.0,Stationary,0.38,Stationary,Normal
93,3.067,67,car,608,891,1277,1073,942,982,0.844,24.35,Right,9.13,Moving,Normal
93,3.067,62,motorcycle,1389,705,1432,785,1410,745,0.5828,6.32,Right,2.37,Moving,Normal
93,3.067,68,motorcycle,777,756,853,851,815,803,0.5643,11.7,Right,4.39,Moving,Normal
93,3.067,70,person,1182,884,1249,981,1215,932,0.4981,15.65,Up,5.87,Moving,Normal
94,3.1,66,car,1751,532,1819,590,1785,561,0.5054,1.0,Stationary,0.38,Stationary,Normal
94,3.1,67,car,643,878,1285,1061,964,969,0.8754,25.55,Right,9.58,Moving,Normal
94,3.1,62,motorcycle,1395,704,1435,779,1415,741,0.4678,6.4,Right,2.4,Moving,Normal
94,3.1,68,motorcycle,788,753,864,848,826,800,0.4975,11.4,Right,4.28,Moving,Normal
94,3.1,23,motorcycle,1480,608,1515,669,1497,638,0.4491,6.4,Up,2.4,Moving,Normal
95,3.133,66,car,1755,538,1813,588,1784,563,0.5858,2.24,Stationary,0.84,Stationary,Normal
95,3.133,67,car,682,866,1288,1046,985,956,0.8594,24.7,Right,9.26,Moving,Normal
95,3.133,68,motorcycle,798,749,873,843,835,796,0.496,9.85,Right,3.69,Moving,Normal
96,3.167,66,car,1757,539,1812,587,1784,563,0.577,0.0,Stationary,0.0,Stationary,Normal
96,3.167,67,car,726,857,1285,1031,1005,944,0.8543,23.32,Right,8.75,Moving,Normal
96,3.167,68,motorcycle,811,751,880,839,845,795,0.5354,10.05,Right,3.77,Moving,Normal
96,3.167,62,motorcycle,1408,704,1443,771,1425,737,0.5097,10.77,Right,4.04,Moving,Normal
97,3.2,66,car,1754,533,1814,586,1784,559,0.4405,4.0,Up,1.5,Moving,Normal
97,3.2,67,car,765,846,1284,1014,1024,930,0.8699,23.6,Right,8.85,Moving,Normal
97,3.2,68,motorcycle,820,747,888,832,854,789,0.403,10.82,Right,4.06,Moving,Normal
97,3.2,62,motorcycle,1413,700,1448,765,1430,732,0.5407,7.07,Up,2.65,Moving,Normal
97,3.2,70,motorcycle,1218,877,1286,975,1252,926,0.4463,37.48,Right,14.05,Moving,Normal
98,3.233,66,car,1755,530,1814,583,1784,556,0.5307,3.0,Stationary,1.12,Stationary,Normal
98,3.233,67,car,801,835,1285,1000,1043,917,0.8797,23.02,Right,8.63,Moving,Normal
98,3.233,68,motorcycle,834,749,898,829,866,789,0.4745,12.0,Right,4.5,Moving,Normal
98,3.233,62,motorcycle,1416,690,1453,761,1434,725,0.4884,8.06,Up,3.02,Moving,Normal
98,3.233,70,person,1218,859,1294,970,1256,914,0.4219,12.65,Up,4.74,Moving,Normal
99,3.267,66,car,1755,530,1813,583,1784,556,0.5321,0.0,Stationary,0.0,Stationary,Normal
99,3.267,67,car,841,826,1279,982,1060,904,0.8515,21.4,Right,8.03,Moving,Normal
99,3.267,68,motorcycle,845,751,905,826,875,788,0.5635,9.06,Right,3.4,Moving,Normal
99,3.267,62,motorcycle,1422,689,1458,756,1440,722,0.4299,6.71,Right,2.52,Moving,Normal
99,3.267,1,car,1717,571,1767,611,1742,591,0.4058,8.25,Up,3.09,Moving,Normal
100,3.3,66,car,1754,527,1814,582,1784,554,0.4305,2.0,Stationary,0.75,Stationary,Normal
100,3.3,67,car,871,816,1282,969,1076,892,0.8712,20.0,Right,7.5,Moving,Normal
100,3.3,68,motorcycle,856,751,913,821,884,786,0.503,9.22,Right,3.46,Moving,Normal
100,3.3,70,motorcycle,1237,855,1306,956,1271,905,0.4136,17.49,Right,6.56,Moving,Normal
101,3.333,66,car,1755,527,1813,581,1784,554,0.5607,0.0,Stationary,0.0,Stationary,Normal
101,3.333,67,car,900,808,1282,957,1091,882,0.8794,18.03,Right,6.76,Moving,Normal
101,3.333,68,motorcycle,864,744,923,818,893,781,0.5214,10.3,Right,3.86,Moving,Normal
101,3.333,70,motorcycle,1248,858,1311,950,1279,904,0.4974,8.06,Right,3.02,Moving,Normal
101,3.333,62,person,1432,674,1470,746,1451,710,0.478,16.28,Up,6.11,Moving,Normal
101,3.333,1,car,1716,569,1763,607,1739,588,0.5357,4.24,Stationary,1.59,Stationary,Normal
102,3.367,66,car,1755,526,1813,581,1784,553,0.6007,1.0,Stationary,0.38,Stationary,Normal
102,3.367,67,car,928,801,1287,946,1107,873,0.8484,18.36,Right,6.88,Moving,Normal
102,3.367,68,motorcycle,877,750,931,815,904,782,0.6012,11.05,Right,4.14,Moving,Normal
102,3.367,70,motorcycle,1250,840,1319,942,1284,891,0.4396,13.93,Up,5.22,Moving,Normal
102,3.367,87,car,1413,1006,1570,1079,1491,1042,0.5663,0.0,Stationary,0.0,Stationary,Normal
102,3.367,62,person,1436,669,1474,742,1455,705,0.4611,6.4,Up,2.4,Moving,Normal
103,3.4,66,car,1755,525,1812,580,1783,552,0.4421,1.41,Stationary,0.53,Stationary,Normal
103,3.4,67,car,953,792,1292,935,1122,863,0.8126,18.03,Right,6.76,Moving,Normal
103,3.4,68,motorcycle,887,750,937,810,912,780,0.4509,8.25,Right,3.09,Moving,Normal
103,3.4,87,car,1399,991,1588,1079,1493,1035,0.6063,7.28,Up,2.73,Moving,Normal
103,3.4,62,motorcycle,1441,671,1477,739,1459,705,0.4939,4.0,Right,1.5,Moving,Normal
103,3.4,1,car,1716,565,1761,602,1738,583,0.4488,5.1,Up,1.91,Moving,Normal
104,3.433,67,car,973,779,1299,923,1136,851,0.8341,18.44,Right,6.92,Moving,Normal
104,3.433,68,motorcycle,899,755,943,807,921,781,0.5448,9.06,Right,3.4,Moving,Normal
104,3.433,87,car,1399,987,1597,1078,1498,1032,0.5291,5.83,Right,2.19,Moving,Normal
104,3.433,70,motorcycle,1272,850,1326,928,1299,889,0.4652,15.13,Right,5.67,Moving,Normal
105,3.467,67,car,996,772,1302,912,1149,842,0.8597,15.81,Right,5.93,Moving,Normal
105,3.467,68,motorcycle,910,759,950,804,930,781,0.4573,9.0,Right,3.38,Moving,Normal
105,3.467,87,car,1397,980,1608,1078,1502,1029,0.7451,5.0,Right,1.88,Moving,Normal
105,3.467,70,motorcycle,1281,856,1329,922,1305,889,0.4008,6.0,Right,2.25,Moving,Normal
106,3.5,67,car,1020,767,1303,901,1161,834,0.8802,14.42,Right,5.41,Moving,Normal
106,3.5,87,car,1391,969,1624,1078,1507,1023,0.7082,7.81,Up,2.93,Moving,Normal
106,3.5,91,person,1277,811,1332,898,1304,854,0.4712,0.0,Stationary,0.0,Stationary,Normal
106,3.5,66,car,1754,526,1807,577,1780,551,0.4023,3.16,Stationary,1.19,Stationary,Normal
106,3.5,62,motorcycle,1454,667,1486,729,1470,698,0.473,13.04,Right,4.89,Moving,Normal
107,3.533,67,car,1042,763,1306,892,1174,827,0.8797,14.76,Right,5.54,Moving,Normal
107,3.533,87,car,1387,959,1639,1079,1513,1019,0.6702,7.21,Right,2.7,Moving,Normal
107,3.533,91,motorcycle,1282,817,1340,907,1311,862,0.4292,10.63,Down,3.99,Moving,Normal
107,3.533,94,motorcycle,915,713,969,794,942,753,0.6361,0.0,Stationary,0.0,Stationary,Normal
107,3.533,66,car,1757,530,1803,576,1780,553,0.4462,2.0,Stationary,0.75,Stationary,Normal
107,3.533,62,motorcycle,1457,660,1491,726,1474,693,0.4868,6.4,Up,2.4,Moving,Normal
107,3.533,1,car,1716,562,1764,600,1740,581,0.4109,2.83,Stationary,1.06,Stationary,Normal
108,3.567,67,car,1063,758,1309,882,1186,820,0.8683,13.89,Right,5.21,Moving,Normal
108,3.567,87,car,1385,949,1653,1078,1519,1013,0.7711,8.49,Up,3.18,Moving,Normal
108,3.567,91,motorcycle,1289,817,1346,905,1317,861,0.4513,6.08,Right,2.28,Moving,Normal
108,3.567,94,motorcycle,925,716,976,792,950,754,0.5836,8.06,Right,3.02,Moving,Normal
108,3.567,66,car,1759,534,1802,574,1780,554,0.4034,1.0,Stationary,0.38,Stationary,Normal
109,3.6,67,car,1080,752,1314,873,1197,812,0.8579,13.6,Right,5.1,Moving,Normal
109,3.6,87,car,1382,937,1668,1078,1525,1007,0.7555,8.49,Up,3.18,Moving,Normal
109,3.6,94,motorcycle,936,712,987,788,961,750,0.5814,11.7,Right,4.39,Moving,Normal
110,3.633,67,car,1097,745,1319,863,1208,804,0.8601,13.6,Right,5.1,Moving,Normal
110,3.633,87,car,1382,927,1680,1078,1531,1002,0.8196,7.81,Right,2.93,Moving,Normal
110,3.633,94,motorcycle,943,707,994,783,968,745,0.6546,8.6,Right,3.23,Moving,Normal
110,3.633,1,car,1713,559,1763,598,1738,578,0.4936,3.61,Stationary,1.35,Stationary,Normal
110,3.633,91,motorcycle,1298,795,1360,892,1329,843,0.5452,21.63,Up,8.11,Moving,Normal
110,3.633,66,car,1759,534,1800,573,1779,553,0.5102,1.41,Stationary,0.53,Stationary,Normal
111,3.667,67,car,1113,740,1324,855,1218,797,0.8552,12.21,Right,4.58,Moving,Normal
111,3.667,87,car,1385,917,1688,1075,1536,996,0.8744,7.81,Up,2.93,Moving,Normal
111,3.667,94,motorcycle,952,708,1001,781,976,744,0.5905,8.06,Right,3.02,Moving,Normal
111,3.667,1,car,1712,558,1763,598,1737,578,0.4309,1.0,Stationary,0.38,Stationary,Normal
111,3.667,91,motorcycle,1304,788,1365,885,1334,836,0.5507,8.6,Up,3.23,Moving,Normal
111,3.667,66,car,1756,527,1803,571,1779,549,0.4094,4.0,Up,1.5,Moving,Normal
112,3.7,67,car,1130,735,1329,846,1229,790,0.8295,13.04,Right,4.89,Moving,Normal
112,3.7,87,car,1391,908,1691,1069,1541,988,0.818,9.43,Up,3.54,Moving,Normal
112,3.7,94,motorcycle,960,706,1009,778,984,742,0.5621,8.25,Right,3.09,Moving,Normal
112,3.7,91,motorcycle,1310,786,1370,881,1340,833,0.5876,6.71,Right,2.52,Moving,Normal
112,3.7,62,motorcycle,1478,655,1506,707,1492,681,0.4374,21.63,Right,8.11,Moving,Normal
113,3.733,67,car,1142,729,1337,840,1239,784,0.8634,11.66,Right,4.37,Moving,Normal
113,3.733,87,car,1400,898,1690,1060,1545,979,0.7761,9.85,Up,3.69,Moving,Normal
113,3.733,94,motorcycle,966,698,1017,774,991,736,0.5776,9.22,Right,3.46,Moving,Normal
113,3.733,91,motorcycle,1318,790,1372,876,1345,833,0.511,5.0,Right,1.88,Moving,Normal
114,3.767,67,car,1153,723,1344,834,1248,778,0.8074,10.82,Right,4.06,Moving,Normal
114,3.767,87,car,1410,889,1690,1050,1550,969,0.8241,11.18,Up,4.19,Moving,Normal
114,3.767,94,motorcycle,973,694,1025,771,999,732,0.6093,8.94,Right,3.35,Moving,Normal
114,3.767,91,motorcycle,1320,777,1379,869,1349,823,0.5012,10.77,Up,4.04,Moving,Normal
114,3.767,62,motorcycle,1484,640,1517,700,1500,670,0.4416,13.6,Up,5.1,Moving,Normal
115,3.8,67,car,1167,718,1349,826,1258,772,0.8259,11.66,Right,4.37,Moving,Normal
115,3.8,87,car,1423,880,1688,1038,1555,959,0.8526,11.18,Up,4.19,Moving,Normal
115,3.8,94,motorcycle,980,690,1033,767,1006,728,0.4814,8.06,Right,3.02,Moving,Normal
115,3.8,91,motorcycle,1326,770,1383,862,1354,816,0.4629,8.6,Up,3.23,Moving,Normal
115,3.8,62,motorcycle,1487,638,1519,697,1503,667,0.5044,4.24,Stationary,1.59,Stationary,Normal
116,3.833,67,car,1182,714,1352,817,1267,765,0.7972,11.4,Right,4.28,Moving,Normal
116,3.833,87,car,1436,873,1684,1025,1560,949,0.7916,11.18,Up,4.19,Moving,Normal
116,3.833,94,motorcycle,988,690,1040,767,1014,728,0.577,8.0,Right,3.0,Moving,Normal
116,3.833,91,motorcycle,1329,766,1386,857,1357,811,0.6387,5.83,Up,2.19,Moving,Normal
116,3.833,98,motorcycle,697,882,778,954,737,918,0.4635,0.0,Stationary,0.0,Stationary,Normal
117,3.867,67,car,1192,710,1357,811,1274,760,0.8316,8.6,Right,3.23,Moving,Normal
117,3.867,87,car,1447,865,1681,1012,1564,938,0.7697,11.7,Up,4.39,Moving,Normal
117,3.867,94,motorcycle,997,695,1044,764,1020,729,0.5622,6.08,Right,2.28,Moving,Normal
117,3.867,91,motorcycle,1333,762,1389,853,1361,807,0.4795,5.66,Up,2.12,Moving,Normal
117,3.867,98,motorcycle,712,882,787,948,749,915,0.4255,12.37,Right,4.64,Moving,Normal
118,3.9,67,car,1203,704,1365,805,1284,754,0.721,11.66,Right,4.37,Moving,Normal
118,3.9,87,car,1457,859,1677,1001,1567,930,0.8101,8.54,Up,3.2,Moving,Normal
118,3.9,94,motorcycle,1002,689,1052,761,1027,725,0.589,8.06,Right,3.02,Moving,Normal
118,3.9,91,motorcycle,1338,758,1394,849,1366,803,0.4716,6.4,Right,2.4,Moving,Normal
118,3.9,98,motorcycle,716,856,813,942,764,899,0.5175,21.93,Up,8.22,Moving,Normal
119,3.933,67,car,1211,696,1374,798,1292,747,0.6818,10.63,Right,3.99,Moving,Normal
119,3.933,87,car,1465,851,1675,990,1570,920,0.822,10.44,Up,3.92,Moving,Normal
119,3.933,94,motorcycle,1009,686,1058,757,1033,721,0.5524,7.21,Right,2.7,Moving,Normal
119,3.933,91,motorcycle,1344,754,1398,843,1371,798,0.4515,7.07,Up,2.65,Moving,Normal
120,3.967,67,car,1222,691,1380,792,1301,741,0.719,10.82,Right,4.06,Moving,Normal
120,3.967,87,car,1462,824,1689,979,1575,901,0.7684,19.65,Up,7.37,Moving,Normal
120,3.967,94,motorcycle,1016,681,1066,755,1041,718,0.5756,8.54,Right,3.2,Moving,Normal
120,3.967,91,motorcycle,1349,755,1400,839,1374,797,0.5389,3.16,Stationary,1.19,Stationary,Normal
120,3.967,98,motorcycle,744,850,836,932,790,891,0.5877,27.2,Right,10.2,Moving,Normal
121,4.0,67,car,1232,687,1385,787,1308,737,0.6606,8.06,Right,3.02,Moving,Normal
121,4.0,87,car,1469,816,1688,969,1578,892,0.7666,9.49,Up,3.56,Moving,Normal
121,4.0,94,motorcycle,1022,679,1071,753,1046,716,0.6139,5.39,Right,2.02,Moving,Normal
121,4.0,91,motorcycle,1353,753,1403,834,1378,793,0.4877,5.66,Up,2.12,Moving,Normal
121,4.0,98,motorcycle,760,849,846,925,803,887,0.4544,13.6,Right,5.1,Moving,Normal
122,4.033,67,car,1243,685,1390,781,1316,733,0.7699,8.94,Right,3.35,Moving,Normal
122,4.033,87,car,1481,815,1681,959,1581,887,0.8356,5.83,Up,2.19,Moving,Normal
122,4.033,94,motorcycle,1028,677,1076,748,1052,712,0.4305,7.21,Right,2.7,Moving,Normal
122,4.033,91,motorcycle,1355,751,1404,830,1379,790,0.5267,3.16,Stationary,1.19,Stationary,Normal
122,4.033,98,motorcycle,771,840,859,920,815,880,0.4609,13.89,Right,5.21,Moving,Normal
122,4.033,1,car,1704,549,1758,592,1731,570,0.4189,10.0,Up,3.75,Moving,Normal
123,4.067,67,car,1256,683,1393,773,1324,728,0.6174,9.43,Right,3.54,Moving,Normal
123,4.067,87,car,1492,815,1676,950,1584,882,0.8368,5.83,Up,2.19,Moving,Normal
123,4.067,94,motorcycle,1035,675,1083,745,1059,710,0.5547,7.28,Right,2.73,Moving,Normal
123,4.067,91,motorcycle,1358,751,1405,826,1381,788,0.5182,2.83,Stationary,1.06,Stationary,Normal
123,4.067,98,motorcycle,785,841,866,915,825,878,0.4762,10.2,Right,3.83,Moving,Normal
124,4.1,67,car,1264,678,1400,768,1332,723,0.7492,9.43,Right,3.54,Moving,Normal
124,4.1,87,car,1500,812,1674,942,1587,877,0.7692,5.83,Up,2.19,Moving,Normal
124,4.1,94,motorcycle,1041,670,1090,743,1065,706,0.4258,7.21,Right,2.7,Moving,Normal
124,4.1,91,motorcycle,1364,749,1410,821,1387,785,0.4828,6.71,Right,2.52,Moving,Normal
124,4.1,98,motorcycle,801,845,872,910,836,877,0.4924,11.05,Right,4.14,Moving,Normal
125,4.133,67,car,1272,673,1408,764,1340,718,0.7812,9.43,Right,3.54,Moving,Normal
125,4.133,87,car,1507,808,1672,933,1589,870,0.8162,7.28,Up,2.73,Moving,Normal
125,4.133,94,motorcycle,1047,670,1094,741,1070,705,0.6521,5.1,Right,1.91,Moving,Normal
125,4.133,91,motorcycle,1366,741,1415,817,1390,779,0.5374,6.71,Up,2.52,Moving,Normal
125,4.133,98,motorcycle,797,810,897,904,847,857,0.4838,22.83,Up,8.56,Moving,Normal
126,4.167,67,car,1281,671,1413,759,1347,715,0.6092,7.62,Right,2.86,Moving,Normal
126,4.167,87,car,1512,804,1671,926,1591,865,0.8048,5.39,Up,2.02,Moving,Normal
126,4.167,91,motorcycle,1370,738,1418,812,1394,775,0.5209,5.66,Up,2.12,Moving,Normal
126,4.167,98,motorcycle,819,826,899,900,859,863,0.5965,13.42,Right,5.03,Moving,Normal
127,4.2,67,car,1287,669,1415,755,1351,712,0.5825,5.0,Right,1.88,Moving,Normal
127,4.2,87,car,1518,801,1670,918,1594,859,0.7738,6.71,Up,2.52,Moving,Normal
127,4.2,98,motorcycle,825,813,911,894,868,853,0.4011,13.45,Up,5.04,Moving,Normal
127,4.2,1,car,1699,544,1757,590,1728,567,0.4603,4.24,Stationary,1.59,Stationary,Normal
128,4.233,67,car,1297,666,1421,749,1359,707,0.5571,9.43,Right,3.54,Moving,Normal
128,4.233,87,car,1522,794,1671,910,1596,852,0.8471,7.28,Up,2.73,Moving,Normal
128,4.233,98,motorcycle,837,810,921,890,879,850,0.4507,11.4,Right,4.28,Moving,Normal
128,4.233,107,person,1145,1020,1218,1079,1181,1049,0.5453,0.0,Stationary,0.0,Stationary,Normal
128,4.233,94,motorcycle,1065,664,1111,733,1088,698,0.477,19.31,Right,7.24,Moving,Normal
128,4.233,91,motorcycle,1378,731,1425,804,1401,767,0.5036,10.63,Up,3.99,Moving,Normal
129,4.267,67,car,1301,665,1415,743,1358,704,0.4431,3.16,Stationary,1.19,Stationary,Normal
129,4.267,87,car,1526,789,1671,903,1598,846,0.8141,6.32,Up,2.37,Moving,Normal
129,4.267,98,motorcycle,848,808,929,886,888,847,0.4742,9.49,Right,3.56,Moving,Normal
129,4.267,94,motorcycle,1071,663,1115,730,1093,696,0.6668,5.39,Right,2.02,Moving,Normal
130,4.3,87,car,1529,783,1671,895,1600,839,0.8734,7.28,Up,2.73,Moving,Normal
130,4.3,98,motorcycle,862,809,936,881,899,845,0.4776,11.18,Right,4.19,Moving,Normal
130,4.3,94,motorcycle,1077,661,1121,728,1099,694,0.5148,6.32,Right,2.37,Moving,Normal
130,4.3,107,person,1152,1003,1246,1079,1199,1041,0.6784,19.7,Right,7.39,Moving,Normal
131,4.333,87,car,1534,779,1670,887,1602,833,0.8824,6.32,Up,2.37,Moving,Normal
131,4.333,98,motorcycle,870,798,949,876,909,837,0.563,12.81,Right,4.8,Moving,Normal
131,4.333,107,person,1155,994,1259,1080,1207,1037,0.6869,8.94,Right,3.35,Moving,Normal
131,4.333,91,motorcycle,1390,730,1431,793,1410,761,0.4574,10.82,Right,4.06,Moving,Normal
131,4.333,67,car,1317,654,1434,735,1375,694,0.4797,19.72,Right,7.39,Moving,Normal
132,4.367,87,car,1536,773,1671,881,1603,827,0.8044,6.08,Up,2.28,Moving,Normal
132,4.367,98,motorcycle,876,782,963,871,919,826,0.465,14.87,Up,5.58,Moving,Normal
132,4.367,107,person,1163,984,1278,1080,1220,1032,0.767,13.93,Right,5.22,Moving,Normal
132,4.367,67,car,1323,650,1440,731,1381,690,0.4064,7.21,Right,2.7,Moving,Normal
132,4.367,66,car,1745,510,1795,559,1770,534,0.4074,17.49,Up,6.56,Moving,Normal
132,4.367,1,car,1699,539,1747,578,1723,558,0.5372,10.3,Up,3.86,Moving,Normal
132,4.367,94,motorcycle,1089,658,1131,722,1110,690,0.5527,11.7,Right,4.39,Moving,Normal
133,4.4,87,car,1541,768,1673,874,1607,821,0.7756,7.21,Up,2.7,Moving,Normal
133,4.4,98,motorcycle,894,795,964,867,929,831,0.5243,11.18,Right,4.19,Moving,Normal
133,4.4,107,person,1169,974,1292,1080,1230,1027,0.5475,11.18,Right,4.19,Moving,Normal
133,4.4,67,car,1329,644,1445,725,1387,684,0.4637,8.49,Up,3.18,Moving,Normal
133,4.4,1,car,1698,539,1748,580,1723,559,0.4347,1.0,Stationary,0.38,Stationary,Normal
133,4.4,94,motorcycle,1095,658,1137,720,1116,689,0.6667,6.08,Right,2.28,Moving,Normal
133,4.4,91,motorcycle,1395,716,1439,784,1417,750,0.44,13.04,Up,4.89,Moving,Normal
134,4.433,87,car,1546,764,1672,866,1609,815,0.6772,6.32,Up,2.37,Moving,Normal
134,4.433,98,motorcycle,903,792,972,862,937,827,0.4757,8.94,Right,3.35,Moving,Normal
134,4.433,107,person,1173,966,1304,1080,1238,1023,0.4855,8.94,Right,3.35,Moving,Normal
134,4.433,67,car,1334,642,1448,721,1391,681,0.4821,5.0,Right,1.88,Moving,Normal
134,4.433,1,car,1698,539,1743,576,1720,557,0.4784,3.61,Stationary,1.35,Stationary,Normal
134,4.433,110,car,1398,993,1619,1079,1508,1036,0.4296,0.0,Stationary,0.0,Stationary,Normal
134,4.433,91,motorcycle,1397,713,1442,782,1419,747,0.4658,3.61,Stationary,1.35,Stationary,Normal
134,4.433,66,car,1743,508,1792,558,1767,533,0.4029,3.16,Stationary,1.19,Stationary,Normal
135,4.467,87,car,1549,761,1672,861,1610,811,0.7881,4.12,Up,1.55,Moving,Normal
135,4.467,98,motorcycle,916,796,979,861,947,828,0.5987,10.05,Right,3.77,Moving,Normal
135,4.467,107,person,1180,957,1316,1079,1248,1018,0.6111,11.18,Right,4.19,Moving,Normal
135,4.467,67,car,1341,640,1452,718,1396,679,0.5931,5.39,Right,2.02,Moving,Normal
135,4.467,1,car,1698,538,1742,574,1720,556,0.5284,1.0,Stationary,0.38,Stationary,Normal
135,4.467,110,car,1393,984,1633,1079,1513,1031,0.6837,7.07,Up,2.65,Moving,Normal
135,4.467,91,motorcycle,1398,708,1445,780,1421,744,0.489,3.61,Stationary,1.35,Stationary,Normal
135,4.467,66,car,1743,507,1790,558,1766,532,0.4483,1.41,Stationary,0.53,Stationary,Normal
135,4.467,94,motorcycle,1105,655,1147,717,1126,686,0.5336,10.44,Right,3.92,Moving,Normal
136,4.5,87,car,1552,758,1672,855,1612,806,0.627,5.39,Up,2.02,Moving,Normal
136,4.5,98,motorcycle,926,795,986,856,956,825,0.5579,9.49,Right,3.56,Moving,Normal
136,4.5,107,person,1187,948,1324,1077,1255,1012,0.5698,9.22,Right,3.46,Moving,Normal
136,4.5,67,car,1348,635,1457,713,1402,674,0.6345,7.81,Right,2.93,Moving,Normal
136,4.5,1,car,1698,538,1742,574,1720,556,0.5186,0.0,Stationary,0.0,Stationary,Normal
136,4.5,110,car,1386,974,1650,1079,1518,1026,0.6945,7.07,Up,2.65,Moving,Normal
136,4.5,91,motorcycle,1402,707,1447,777,1424,742,0.5013,3.61,Stationary,1.35,Stationary,Normal
136,4.5,94,motorcycle,1111,655,1151,714,1131,684,0.5454,5.39,Right,2.02,Moving,Normal
137,4.533,87,car,1554,752,1674,850,1614,801,0.6822,5.39,Up,2.02,Moving,Normal
137,4.533,67,car,1354,633,1462,710,1408,671,0.5822,6.71,Right,2.52,Moving,Normal
137,4.533,1,car,1699,538,1742,574,1720,556,0.5041,0.0,Stationary,0.0,Stationary,Normal
137,4.533,110,car,1378,962,1669,1079,1523,1020,0.829,7.81,Up,2.93,Moving,Normal
137,4.533,91,motorcycle,1405,705,1448,771,1426,738,0.5397,4.47,Up,1.68,Moving,Normal
138,4.567,87,car,1557,746,1676,844,1616,795,0.7453,6.32,Up,2.37,Moving,Normal
138,4.567,67,car,1360,632,1466,707,1413,669,0.6279,5.39,Right,2.02,Moving,Normal
138,4.567,1,car,1699,538,1741,572,1720,555,0.5095,1.0,Stationary,0.38,Stationary,Normal
138,4.567,110,car,1372,950,1686,1079,1529,1014,0.8735,8.49,Up,3.18,Moving,Normal
138,4.567,91,motorcycle,1407,703,1450,768,1428,735,0.5016,3.61,Stationary,1.35,Stationary,Normal
138,4.567,118,person,1239,937,1307,1035,1273,986,0.4512,0.0,Stationary,0.0,Stationary,Normal
138,4.567,98,motorcycle,940,775,1010,847,975,811,0.5282,23.6,Right,8.85,Moving,Normal
139,4.6,87,car,1559,740,1679,838,1619,789,0.7979,6.71,Up,2.52,Moving,Normal
139,4.6,67,car,1366,632,1470,705,1418,668,0.6902,5.1,Right,1.91,Moving,Normal
139,4.6,1,car,1698,537,1741,572,1719,554,0.5336,1.41,Stationary,0.53,Stationary,Normal
139,4.6,110,car,1367,938,1701,1079,1534,1008,0.8587,7.81,Up,2.93,Moving,Normal
139,4.6,91,motorcycle,1410,702,1452,765,1431,733,0.5172,3.61,Stationary,1.35,Stationary,Normal
139,4.6,118,person,1242,930,1319,1041,1280,985,0.4673,7.07,Right,2.65,Moving,Normal
139,4.6,120,motorcycle,1250,996,1324,1070,1287,1033,0.4704,0.0,Stationary,0.0,Stationary,Normal
139,4.6,98,motorcycle,946,765,1019,842,982,803,0.465,10.63,Up,3.99,Moving,Normal
140,4.633,87,car,1558,730,1682,833,1620,781,0.733,8.06,Up,3.02,Moving,Normal
140,4.633,67,car,1370,629,1474,703,1422,666,0.6936,4.47,Right,1.68,Moving,Normal
140,4.633,1,car,1696,535,1740,571,1718,553,0.5096,1.41,Stationary,0.53,Stationary,Normal
140,4.633,110,car,1367,927,1712,1077,1539,1002,0.839,7.81,Up,2.93,Moving,Normal
140,4.633,91,motorcycle,1413,701,1453,761,1433,731,0.5666,2.83,Stationary,1.06,Stationary,Normal
140,4.633,120,motorcycle,1254,983,1332,1060,1293,1021,0.4583,13.42,Up,5.03,Moving,Normal
140,4.633,98,motorcycle,953,756,1029,839,991,797,0.4677,10.82,Right,4.06,Moving,Normal
140,4.633,66,car,1743,506,1784,550,1763,528,0.4459,5.0,Up,1.88,Moving,Normal
140,4.633,94,motorcycle,1132,648,1171,706,1151,677,0.4294,21.19,Right,7.95,Moving,Normal
141,4.667,87,car,1558,720,1686,828,1622,774,0.7591,7.28,Up,2.73,Moving,Normal
141,4.667,67,car,1376,627,1478,700,1427,663,0.6206,5.83,Right,2.19,Moving,Normal
141,4.667,1,car,1696,535,1742,571,1719,553,0.4947,1.0,Stationary,0.38,Stationary,Normal
141,4.667,110,car,1367,916,1721,1076,1544,996,0.8084,7.81,Up,2.93,Moving,Normal
141,4.667,91,motorcycle,1416,698,1456,757,1436,727,0.5752,5.0,Up,1.88,Moving,Normal
141,4.667,120,motorcycle,1262,975,1338,1051,1300,1013,0.5317,10.63,Up,3.99,Moving,Normal
141,4.667,98,motorcycle,964,758,1035,837,999,797,0.6136,8.0,Right,3.0,Moving,Normal
141,4.667,94,motorcycle,1136,645,1176,704,1156,674,0.4924,5.83,Right,2.19,Moving,Normal
142,4.7,87,car,1563,720,1683,821,1623,770,0.7898,4.12,Up,1.55,Moving,Normal
142,4.7,67,car,1382,624,1483,696,1432,660,0.5057,5.83,Right,2.19,Moving,Normal
142,4.7,1,car,1696,534,1742,571,1719,552,0.5732,1.0,Stationary,0.38,Stationary,Normal
142,4.7,110,car,1375,907,1722,1069,1548,988,0.7958,8.94,Up,3.35,Moving,Normal
142,4.7,91,motorcycle,1419,696,1458,753,1438,724,0.5629,3.61,Stationary,1.35,Stationary,Normal
142,4.7,120,motorcycle,1268,968,1343,1043,1305,1005,0.5636,9.43,Up,3.54,Moving,Normal
142,4.7,98,motorcycle,977,768,1036,832,1006,800,0.5398,7.62,Right,2.86,Moving,Normal
142,4.7,94,motorcycle,1139,639,1180,701,1159,670,0.4478,5.0,Up,1.88,Moving,Normal
143,4.733,87,car,1567,718,1682,815,1624,766,0.8416,4.12,Up,1.55,Moving,Normal
143,4.733,67,car,1388,622,1486,692,1437,657,0.5458,5.83,Right,2.19,Moving,Normal
143,4.733,1,car,1696,533,1742,570,1719,551,0.5223,1.0,Stationary,0.38,Stationary,Normal
143,4.733,110,car,1385,897,1720,1059,1552,978,0.8305,10.77,Up,4.04,Moving,Normal
143,4.733,91,motorcycle,1421,693,1461,752,1441,722,0.5564,3.61,Stationary,1.35,Stationary,Normal
143,4.733,120,motorcycle,1276,962,1349,1035,1312,998,0.4106,9.9,Up,3.71,Moving,Normal
143,4.733,98,motorcycle,984,761,1044,827,1014,794,0.4739,10.0,Right,3.75,Moving,Normal
144,4.767,87,car,1569,715,1682,812,1625,763,0.7448,3.16,Stationary,1.19,Stationary,Normal
144,4.767,67,car,1395,621,1489,688,1442,654,0.5771,5.83,Right,2.19,Moving,Normal
144,4.767,1,car,1695,533,1742,571,1718,552,0.5462,1.41,Stationary,0.53,Stationary,Normal
144,4.767,110,car,1399,889,1715,1048,1557,968,0.8283,11.18,Up,4.19,Moving,Normal
144,4.767,91,motorcycle,1423,689,1464,748,1443,718,0.4176,4.47,Up,1.68,Moving,Normal
144,4.767,120,motorcycle,1283,955,1353,1025,1318,990,0.4616,10.0,Up,3.75,Moving,Normal
144,4.767,98,motorcycle,993,758,1052,824,1022,791,0.4873,8.54,Right,3.2,Moving,Normal
144,4.767,94,motorcycle,1147,637,1187,697,1167,667,0.5155,8.54,Right,3.2,Moving,Normal
145,4.8,87,car,1572,715,1682,808,1627,761,0.7113,2.83,Stationary,1.06,Stationary,Normal
145,4.8,67,car,1395,622,1484,685,1439,653,0.5141,3.16,Stationary,1.19,Stationary,Normal
145,4.8,1,car,1694,532,1743,570,1718,551,0.5394,1.0,Stationary,0.38,Stationary,Normal
145,4.8,110,car,1412,880,1710,1036,1561,958,0.8423,10.77,Up,4.04,Moving,Normal
145,4.8,91,motorcycle,1426,686,1466,744,1446,715,0.4085,4.24,Stationary,1.59,Stationary,Normal
145,4.8,120,motorcycle,1290,947,1360,1017,1325,982,0.4589,10.63,Up,3.99,Moving,Normal
145,4.8,98,motorcycle,998,748,1062,821,1030,784,0.4148,10.63,Right,3.99,Moving,Normal
145,4.8,123,person,1285,889,1350,974,1317,931,0.4321,0.0,Stationary,0.0,Stationary,Normal
146,4.833,87,car,1574,713,1680,803,1627,758,0.7172,3.0,Stationary,1.12,Stationary,Normal
146,4.833,67,car,1403,619,1491,681,1447,650,0.4983,8.54,Right,3.2,Moving,Normal
146,4.833,1,car,1694,531,1741,569,1717,550,0.463,1.41,Stationary,0.53,Stationary,Normal
146,4.833,110,car,1426,871,1706,1023,1566,947,0.8321,12.08,Up,4.53,Moving,Normal
146,4.833,91,motorcycle,1429,684,1469,741,1449,712,0.4616,4.24,Stationary,1.59,Stationary,Normal
146,4.833,98,motorcycle,1010,757,1064,818,1037,787,0.4182,7.62,Right,2.86,Moving,Normal
146,4.833,123,person,1281,883,1365,994,1323,938,0.4903,9.22,Down,3.46,Moving,Normal
147,4.867,87,car,1577,711,1678,796,1627,753,0.8346,5.0,Up,1.88,Moving,Normal
147,4.867,67,car,1405,612,1497,678,1451,645,0.4907,6.4,Up,2.4,Moving,Normal
147,4.867,1,car,1694,531,1742,568,1718,549,0.4342,1.41,Stationary,0.53,Stationary,Normal
147,4.867,110,car,1438,862,1700,1010,1569,936,0.8427,11.4,Up,4.28,Moving,Normal
147,4.867,91,motorcycle,1432,682,1472,739,1452,710,0.4096,3.61,Stationary,1.35,Stationary,Normal
147,4.867,98,motorcycle,1012,738,1078,814,1045,776,0.5686,13.6,Up,5.1,Moving,Normal
147,4.867,123,person,1285,877,1378,1000,1331,938,0.4644,8.0,Right,3.0,Moving,Normal
147,4.867,120,motorcycle,1304,933,1371,1001,1337,967,0.4637,19.21,Up,7.2,Moving,Normal
148,4.9,87,car,1578,708,1678,792,1628,750,0.7801,3.16,Stationary,1.19,Stationary,Normal
148,4.9,110,car,1449,854,1696,998,1572,926,0.8029,10.44,Up,3.92,Moving,Normal
148,4.9,98,motorcycle,1026,752,1078,811,1052,781,0.4929,8.6,Right,3.23,Moving,Normal
148,4.9,120,motorcycle,1308,922,1379,994,1343,958,0.5442,10.82,Up,4.06,Moving,Normal
149,4.933,87,car,1579,704,1679,788,1629,746,0.8045,4.12,Up,1.55,Moving,Normal
149,4.933,110,car,1459,847,1691,987,1575,917,0.8163,9.49,Up,3.56,Moving,Normal
149,4.933,67,car,1416,605,1508,672,1462,638,0.5524,13.04,Right,4.89,Moving,Normal
149,4.933,1,car,1693,530,1740,566,1716,548,0.4537,2.24,Stationary,0.84,Stationary,Normal
149,4.933,91,motorcycle,1435,677,1474,732,1454,704,0.5024,6.32,Up,2.37,Moving,Normal
150,4.967,87,car,1581,701,1680,784,1630,742,0.8078,4.12,Up,1.55,Moving,Normal
150,4.967,110,car,1468,837,1690,975,1579,906,0.8295,11.7,Up,4.39,Moving,Normal
150,4.967,67,car,1419,603,1513,671,1466,637,0.6782,4.12,Right,1.55,Moving,Normal
150,4.967,1,car,1692,529,1738,565,1715,547,0.5569,1.41,Stationary,0.53,Stationary,Normal
150,4.967,91,motorcycle,1436,673,1476,731,1456,702,0.5781,2.83,Stationary,1.06,Stationary,Normal
150,4.967,123,person,1305,862,1396,984,1350,923,0.5384,24.21,Right,9.08,Moving,Normal
150,4.967,98,person,1032,723,1099,801,1065,762,0.5722,23.02,Up,8.63,Moving,Normal
150,4.967,120,motorcycle,1317,903,1392,980,1354,941,0.5213,20.25,Up,7.59,Moving,Normal
151,5.0,87,car,1583,698,1679,778,1631,738,0.8452,4.12,Up,1.55,Moving,Normal
151,5.0,110,car,1474,828,1688,965,1581,896,0.8548,10.2,Up,3.83,Moving,Normal
151,5.0,67,car,1424,600,1516,667,1470,633,0.5831,5.66,Up,2.12,Moving,Normal
151,5.0,1,car,1692,529,1739,565,1715,547,0.6466,0.0,Stationary,0.0,Stationary,Normal
151,5.0,91,motorcycle,1437,668,1479,729,1458,698,0.6105,4.47,Up,1.68,Moving,Normal
151,5.0,123,person,1314,855,1397,970,1355,912,0.4263,12.08,Up,4.53,Moving,Normal
151,5.0,98,person,1040,718,1106,797,1073,757,0.4128,9.43,Right,3.54,Moving,Normal
151,5.0,120,motorcycle,1325,902,1393,972,1359,937,0.4585,6.4,Right,2.4,Moving,Normal
152,5.033,87,car,1586,696,1680,774,1633,735,0.8672,3.61,Stationary,1.35,Stationary,Normal
152,5.033,110,car,1479,819,1687,957,1583,888,0.8212,8.25,Up,3.09,Moving,Normal
152,5.033,67,car,1429,601,1518,665,1473,633,0.5385,3.0,Stationary,1.12,Stationary,Normal
152,5.033,1,car,1693,529,1740,564,1716,546,0.5955,1.41,Stationary,0.53,Stationary,Normal
152,5.033,91,motorcycle,1439,667,1480,726,1459,696,0.4386,2.24,Stationary,0.84,Stationary,Normal
153,5.067,87,car,1588,692,1680,769,1634,730,0.8165,5.1,Up,1.91,Moving,Normal
153,5.067,110,car,1489,814,1683,947,1586,880,0.8416,8.54,Up,3.2,Moving,Normal
153,5.067,67,car,1435,600,1518,659,1476,629,0.5083,5.0,Up,1.88,Moving,Normal
153,5.067,1,car,1693,528,1739,563,1716,545,0.4751,1.0,Stationary,0.38,Stationary,Normal
153,5.067,91,motorcycle,1442,666,1482,724,1462,695,0.5209,3.16,Stationary,1.19,Stationary,Normal
153,5.067,98,motorcycle,1055,715,1118,793,1086,754,0.4595,13.34,Right,5.0,Moving,Normal
154,5.1,87,car,1589,690,1681,765,1635,727,0.7421,3.16,Stationary,1.19,Stationary,Normal
154,5.1,110,car,1497,809,1682,938,1589,873,0.8301,7.62,Up,2.86,Moving,Normal
154,5.1,67,car,1440,599,1521,656,1480,627,0.6248,4.47,Right,1.68,Moving,Normal
154,5.1,1,car,1692,528,1737,561,1714,544,0.4576,2.24,Stationary,0.84,Stationary,Normal
154,5.1,129,car,1238,1009,1440,1080,1339,1044,0.5853,0.0,Stationary,0.0,Stationary,Normal
154,5.1,98,motorcycle,1063,712,1124,789,1093,750,0.5223,8.06,Right,3.02,Moving,Normal
154,5.1,66,car,1738,507,1774,546,1756,526,0.459,7.28,Left,2.73,Moving,Normal
154,5.1,123,motorcycle,1333,847,1409,954,1371,900,0.4011,20.0,Right,7.5,Moving,Normal
154,5.1,120,motorcycle,1342,887,1405,953,1373,920,0.4187,22.02,Up,8.26,Moving,Normal
155,5.133,87,car,1590,686,1681,762,1635,724,0.7792,3.0,Stationary,1.12,Stationary,Normal
155,5.133,110,car,1504,803,1679,929,1591,866,0.7874,7.28,Up,2.73,Moving,Normal
155,5.133,67,car,1445,599,1522,653,1483,626,0.5365,3.16,Stationary,1.19,Stationary,Normal
155,5.133,1,car,1692,528,1736,560,1714,544,0.4703,0.0,Stationary,0.0,Stationary,Normal
155,5.133,129,car,1230,998,1460,1080,1345,1039,0.6632,7.81,Right,2.93,Moving,Normal
155,5.133,98,motorcycle,1073,717,1128,787,1100,752,0.4379,7.28,Right,2.73,Moving,Normal
155,5.133,123,motorcycle,1341,845,1413,947,1377,896,0.4748,7.21,Right,2.7,Moving,Normal
155,5.133,120,motorcycle,1347,878,1412,947,1379,912,0.5152,10.0,Up,3.75,Moving,Normal
155,5.133,91,motorcycle,1448,658,1489,718,1468,688,0.4324,9.22,Up,3.46,Moving,Normal
156,5.167,87,car,1591,683,1680,757,1635,720,0.7992,4.0,Up,1.5,Moving,Normal
156,5.167,110,car,1512,800,1676,920,1594,860,0.8444,6.71,Up,2.52,Moving,Normal
156,5.167,67,car,1449,598,1525,652,1487,625,0.6826,4.12,Right,1.55,Moving,Normal
156,5.167,1,car,1691,527,1738,562,1714,544,0.4403,0.0,Stationary,0.0,Stationary,Normal
156,5.167,129,car,1223,987,1482,1079,1352,1033,0.7474,9.22,Right,3.46,Moving,Normal
156,5.167,91,motorcycle,1449,654,1490,714,1469,684,0.4887,4.12,Up,1.55,Moving,Normal
157,5.2,87,car,1592,680,1681,754,1636,717,0.8101,3.16,Stationary,1.19,Stationary,Normal
157,5.2,110,car,1516,792,1677,912,1596,852,0.8524,8.25,Up,3.09,Moving,Normal
157,5.2,67,car,1451,595,1529,650,1490,622,0.6414,4.24,Stationary,1.59,Stationary,Normal
157,5.2,129,car,1216,975,1506,1080,1361,1027,0.8192,10.82,Right,4.06,Moving,Normal
157,5.2,91,motorcycle,1451,651,1492,712,1471,681,0.5878,3.61,Stationary,1.35,Stationary,Normal
157,5.2,98,motorcycle,1084,708,1140,782,1112,745,0.4725,13.89,Right,5.21,Moving,Normal
157,5.2,120,motorcycle,1355,865,1420,935,1387,900,0.4146,14.42,Up,5.41,Moving,Normal
158,5.233,87,car,1593,677,1681,751,1637,714,0.7951,3.16,Stationary,1.19,Stationary,Normal
158,5.233,110,car,1522,787,1676,904,1599,845,0.8747,7.62,Up,2.86,Moving,Normal
158,5.233,67,car,1455,594,1531,648,1493,621,0.644,3.16,Stationary,1.19,Stationary,Normal
158,5.233,129,car,1213,964,1527,1080,1370,1022,0.7506,10.3,Right,3.86,Moving,Normal
158,5.233,91,motorcycle,1453,650,1493,709,1473,679,0.5556,2.83,Stationary,1.06,Stationary,Normal
158,5.233,98,motorcycle,1094,716,1142,778,1118,747,0.4876,6.32,Right,2.37,Moving,Normal
158,5.233,120,motorcycle,1361,865,1422,930,1391,897,0.4532,5.0,Right,1.88,Moving,Normal
158,5.233,123,motorcycle,1356,830,1426,931,1391,880,0.41,21.26,Up,7.97,Moving,Normal
159,5.267,87,car,1595,673,1683,747,1639,710,0.7209,4.47,Up,1.68,Moving,Normal
159,5.267,110,car,1528,782,1676,897,1602,839,0.8975,6.71,Up,2.52,Moving,Normal
159,5.267,67,car,1458,592,1535,646,1496,619,0.5447,3.61,Stationary,1.35,Stationary,Normal
159,5.267,129,car,1214,955,1544,1080,1379,1017,0.843,10.3,Right,3.86,Moving,Normal
159,5.267,98,motorcycle,1101,711,1150,775,1125,743,0.4251,8.06,Right,3.02,Moving,Normal
159,5.267,120,motorcycle,1361,848,1428,921,1394,884,0.4805,13.34,Up,5.0,Moving,Normal
160,5.3,87,car,1597,670,1684,743,1640,706,0.7131,4.12,Up,1.55,Moving,Normal
160,5.3,110,car,1533,777,1673,887,1603,832,0.8555,7.07,Up,2.65,Moving,Normal
160,5.3,67,car,1461,590,1537,644,1499,617,0.5604,3.61,Stationary,1.35,Stationary,Normal
160,5.3,129,car,1213,944,1561,1079,1387,1011,0.8452,10.0,Right,3.75,Moving,Normal
160,5.3,98,motorcycle,1109,711,1154,770,1131,740,0.4745,6.71,Right,2.52,Moving,Normal
160,5.3,120,motorcycle,1369,852,1428,916,1398,884,0.5328,4.0,Right,1.5,Moving,Normal
161,5.333,87,car,1598,668,1684,740,1641,704,0.6897,2.24,Stationary,0.84,Stationary,Normal
161,5.333,110,car,1537,772,1674,880,1605,826,0.8191,6.32,Up,2.37,Moving,Normal
161,5.333,67,car,1465,589,1540,642,1502,615,0.6714,3.61,Stationary,1.35,Stationary,Normal
161,5.333,129,car,1216,933,1575,1078,1395,1005,0.853,10.0,Right,3.75,Moving,Normal
161,5.333,120,motorcycle,1372,847,1431,911,1401,879,0.5466,5.83,Up,2.19,Moving,Normal
161,5.333,135,motorcycle,921,811,989,892,955,851,0.4492,0.0,Stationary,0.0,Stationary,Normal
161,5.333,1,car,1690,523,1734,555,1712,539,0.4439,5.39,Up,2.02,Moving,Normal
162,5.367,87,car,1598,665,1684,737,1641,701,0.7834,3.0,Stationary,1.12,Stationary,Normal
162,5.367,110,car,1540,766,1673,873,1606,819,0.8185,7.07,Up,2.65,Moving,Normal
162,5.367,67,car,1469,586,1544,640,1506,613,0.5674,4.47,Right,1.68,Moving,Normal
162,5.367,129,car,1222,924,1586,1076,1404,1000,0.8726,10.3,Right,3.86,Moving,Normal
162,5.367,120,motorcycle,1376,840,1435,905,1405,872,0.5536,8.06,Up,3.02,Moving,Normal
162,5.367,135,motorcycle,930,804,1001,889,965,846,0.4665,11.18,Right,4.19,Moving,Normal
162,5.367,1,car,1689,523,1733,554,1711,538,0.4104,1.41,Stationary,0.53,Stationary,Normal
162,5.367,123,motorcycle,1372,805,1440,906,1406,855,0.4916,29.15,Up,10.93,Moving,Normal
162,5.367,98,motorcycle,1117,696,1169,765,1143,730,0.5419,15.62,Right,5.86,Moving,Normal
163,5.4,87,car,1599,663,1684,733,1641,698,0.8083,3.0,Stationary,1.12,Stationary,Normal
163,5.4,110,car,1543,761,1672,867,1607,814,0.8524,5.1,Up,1.91,Moving,Normal
163,5.4,67,car,1472,582,1548,636,1510,609,0.581,5.66,Up,2.12,Moving,Normal
163,5.4,129,car,1237,916,1588,1069,1412,992,0.8668,11.31,Up,4.24,Moving,Normal
163,5.4,120,motorcycle,1380,834,1439,901,1409,867,0.5409,6.4,Up,2.4,Moving,Normal
163,5.4,135,motorcycle,943,805,1008,882,975,843,0.5327,10.44,Right,3.92,Moving,Normal
163,5.4,1,car,1689,523,1730,552,1709,537,0.419,2.24,Stationary,0.84,Stationary,Normal
163,5.4,123,motorcycle,1377,800,1442,900,1409,850,0.4672,5.83,Up,2.19,Moving,Normal
163,5.4,98,motorcycle,1125,696,1175,762,1150,729,0.5935,7.07,Right,2.65,Moving,Normal
164,5.433,87,car,1598,660,1683,730,1640,695,0.7311,3.16,Stationary,1.19,Stationary,Normal
164,5.433,110,car,1546,757,1673,861,1609,809,0.8567,5.39,Up,2.02,Moving,Normal
164,5.433,67,car,1476,579,1553,634,1514,606,0.5921,5.0,Right,1.88,Moving,Normal
164,5.433,129,car,1254,907,1586,1058,1420,982,0.8799,12.81,Up,4.8,Moving,Normal
164,5.433,120,motorcycle,1383,831,1441,896,1412,863,0.4978,5.0,Up,1.88,Moving,Normal
164,5.433,135,motorcycle,956,802,1019,876,987,839,0.4332,12.65,Right,4.74,Moving,Normal
164,5.433,1,car,1689,522,1730,551,1709,536,0.4143,1.0,Stationary,0.38,Stationary,Normal
164,5.433,98,motorcycle,1133,702,1177,761,1155,731,0.4976,5.39,Right,2.02,Moving,Normal
165,5.467,87,car,1598,657,1683,727,1640,692,0.7952,3.0,Stationary,1.12,Stationary,Normal
165,5.467,110,car,1550,753,1672,854,1611,803,0.8093,6.32,Up,2.37,Moving,Normal
165,5.467,67,car,1479,579,1555,632,1517,605,0.7418,3.16,Stationary,1.19,Stationary,Normal
165,5.467,129,car,1268,894,1587,1046,1427,970,0.7946,13.89,Up,5.21,Moving,Normal
165,5.467,135,motorcycle,966,804,1026,873,996,838,0.4603,9.06,Right,3.4,Moving,Normal
166,5.5,87,car,1600,654,1683,722,1641,688,0.7828,4.12,Up,1.55,Moving,Normal
166,5.5,110,car,1553,747,1673,848,1613,797,0.873,6.32,Up,2.37,Moving,Normal
166,5.5,67,car,1480,576,1558,631,1519,603,0.6747,2.83,Stationary,1.06,Stationary,Normal
166,5.5,129,car,1286,888,1584,1035,1435,961,0.8238,12.04,Up,4.51,Moving,Normal
166,5.5,135,motorcycle,975,799,1034,867,1004,833,0.434,9.43,Right,3.54,Moving,Normal
166,5.5,120,motorcycle,1384,804,1454,886,1419,845,0.5059,19.31,Up,7.24,Moving,Normal
166,5.5,98,motorcycle,1142,692,1189,755,1165,723,0.5083,12.81,Right,4.8,Moving,Normal
167,5.533,87,car,1602,652,1684,719,1643,685,0.7804,3.61,Stationary,1.35,Stationary,Normal
167,5.533,110,car,1556,744,1672,841,1614,792,0.846,5.1,Up,1.91,Moving,Normal
167,5.533,67,car,1483,575,1558,630,1520,602,0.7106,1.41,Stationary,0.53,Stationary,Normal
167,5.533,129,car,1301,877,1582,1022,1441,949,0.7809,13.42,Up,5.03,Moving,Normal
167,5.533,135,motorcycle,982,793,1043,863,1012,828,0.4064,9.43,Right,3.54,Moving,Normal
167,5.533,98,motorcycle,1147,688,1194,753,1170,720,0.5379,5.83,Right,2.19,Moving,Normal
167,5.533,123,person,1390,779,1452,876,1421,827,0.4501,25.94,Up,9.73,Moving,Normal
168,5.567,87,car,1603,649,1685,716,1644,682,0.7219,3.16,Stationary,1.19,Stationary,Normal
168,5.567,110,car,1559,739,1673,835,1616,787,0.813,5.39,Up,2.02,Moving,Normal
168,5.567,67,car,1487,575,1560,626,1523,600,0.6966,3.61,Stationary,1.35,Stationary,Normal
168,5.567,129,car,1317,869,1582,1010,1449,939,0.6944,12.81,Up,4.8,Moving,Normal
168,5.567,135,motorcycle,993,795,1050,858,1021,826,0.4746,9.22,Right,3.46,Moving,Normal
168,5.567,98,motorcycle,1155,689,1199,750,1177,719,0.4487,7.07,Right,2.65,Moving,Normal
168,5.567,123,motorcycle,1396,776,1455,870,1425,823,0.4443,5.66,Up,2.12,Moving,Normal
169,5.6,87,car,1606,648,1685,712,1645,680,0.744,2.24,Stationary,0.84,Stationary,Normal
169,5.6,110,car,1562,734,1673,828,1617,781,0.8115,6.08,Up,2.28,Moving,Normal
169,5.6,67,car,1490,575,1558,623,1524,599,0.6469,1.41,Stationary,0.53,Stationary,Normal
169,5.6,129,car,1333,863,1577,999,1455,931,0.7591,10.0,Up,3.75,Moving,Normal
169,5.6,135,motorcycle,1003,797,1055,855,1029,826,0.4981,8.0,Right,3.0,Moving,Normal
169,5.6,98,motorcycle,1159,680,1205,745,1182,712,0.4708,8.6,Up,3.23,Moving,Normal
169,5.6,123,motorcycle,1402,787,1452,867,1427,827,0.4229,4.47,Down,1.68,Moving,DIRECTION_REVERSAL
170,5.633,87,car,1608,646,1685,709,1646,677,0.698,3.16,Stationary,1.19,Stationary,Normal
170,5.633,110,car,1565,731,1672,822,1618,776,0.8814,5.1,Up,1.91,Moving,Normal
170,5.633,67,car,1493,573,1562,622,1527,597,0.619,3.61,Stationary,1.35,Stationary,Normal
170,5.633,129,car,1349,858,1576,989,1462,923,0.6641,10.63,Up,3.99,Moving,Normal
170,5.633,135,motorcycle,1010,791,1065,851,1037,821,0.4521,9.43,Right,3.54,Moving,Normal
170,5.633,98,motorcycle,1164,676,1211,744,1187,710,0.4288,5.39,Right,2.02,Moving,Normal
170,5.633,91,motorcycle,1472,625,1511,682,1491,653,0.5254,31.62,Up,11.86,Moving,Normal
171,5.667,87,car,1609,645,1685,706,1647,675,0.6939,2.24,Stationary,0.84,Stationary,Normal
171,5.667,110,car,1569,729,1671,816,1620,772,0.8662,4.47,Up,1.68,Moving,Normal
171,5.667,67,car,1497,571,1565,619,1531,595,0.6236,4.47,Right,1.68,Moving,Normal
171,5.667,129,car,1360,849,1576,978,1468,913,0.718,11.66,Up,4.37,Moving,Normal
171,5.667,135,motorcycle,1019,789,1072,846,1045,817,0.42,8.94,Right,3.35,Moving,Normal
171,5.667,91,motorcycle,1472,624,1512,681,1492,652,0.4962,1.41,Stationary,0.53,Stationary,RAPID_DECELERATION
171,5.667,123,person,1407,768,1463,858,1435,813,0.4965,16.12,Up,6.04,Moving,DIRECTION_REVERSAL
172,5.7,87,car,1610,643,1685,703,1647,673,0.6434,2.0,Stationary,0.75,Stationary,Normal
172,5.7,110,car,1572,727,1669,811,1620,769,0.8238,3.0,Stationary,1.12,Stationary,Normal
172,5.7,67,car,1500,569,1567,616,1533,592,0.5133,3.61,Stationary,1.35,Stationary,Normal
172,5.7,129,car,1372,843,1575,968,1473,905,0.7373,9.43,Up,3.54,Moving,Normal
172,5.7,135,motorcycle,1021,772,1085,841,1053,806,0.4484,13.6,Up,5.1,Moving,Normal
172,5.7,91,motorcycle,1473,622,1513,679,1493,650,0.5291,2.24,Stationary,0.84,Stationary,Normal
173,5.733,87,car,1611,641,1686,700,1648,670,0.7132,3.16,Stationary,1.19,Stationary,Normal
173,5.733,110,car,1572,722,1670,806,1621,764,0.8104,5.1,Up,1.91,Moving,Normal
173,5.733,67,car,1503,566,1571,614,1537,590,0.4712,4.47,Right,1.68,Moving,Normal
173,5.733,129,car,1366,815,1592,959,1479,887,0.5098,18.97,Up,7.11,Moving,Normal
173,5.733,91,motorcycle,1475,623,1514,677,1494,650,0.4241,1.0,Stationary,0.38,Stationary,Normal
173,5.733,98,motorcycle,1181,669,1226,735,1203,702,0.4564,17.89,Right,6.71,Moving,Normal
173,5.733,123,person,1412,757,1469,850,1440,803,0.4756,11.18,Up,4.19,Moving,Normal
174,5.767,87,car,1611,638,1686,697,1648,667,0.7218,3.0,Stationary,1.12,Stationary,Normal
174,5.767,110,car,1572,717,1671,802,1621,759,0.7887,5.0,Up,1.88,Moving,Normal
174,5.767,67,car,1507,565,1572,612,1539,588,0.6269,2.83,Stationary,1.06,Stationary,Normal
174,5.767,129,car,1387,821,1583,949,1485,885,0.7187,6.32,Right,2.37,Moving,Normal
174,5.767,98,person,1186,666,1230,732,1208,699,0.4344,5.83,Right,2.19,Moving,Normal
175,5.8,87,car,1611,634,1688,695,1649,664,0.656,3.16,Stationary,1.19,Stationary,Normal
175,5.8,110,car,1573,710,1673,796,1623,753,0.8254,6.32,Up,2.37,Moving,Normal
175,5.8,67,car,1509,563,1575,610,1542,586,0.6571,3.61,Stationary,1.35,Stationary,Normal
175,5.8,129,car,1400,819,1579,940,1489,879,0.6026,7.21,Up,2.7,Moving,Normal
175,5.8,123,motorcycle,1419,751,1473,842,1446,796,0.4368,9.22,Up,3.46,Moving,Normal
176,5.833,87,car,1612,633,1688,692,1650,662,0.5741,2.24,Stationary,0.84,Stationary,Normal
176,5.833,110,car,1576,707,1672,791,1624,749,0.7509,4.12,Up,1.55,Moving,Normal
176,5.833,67,car,1511,563,1576,609,1543,586,0.5689,1.0,Stationary,0.38,Stationary,Normal
176,5.833,129,car,1409,815,1580,933,1494,874,0.4778,7.07,Up,2.65,Moving,Normal
176,5.833,123,motorcycle,1423,749,1474,837,1448,793,0.5333,3.61,Stationary,1.35,Stationary,Normal
176,5.833,98,motorcycle,1198,671,1236,729,1217,700,0.4568,9.06,Right,3.4,Moving,Normal
177,5.867,87,car,1612,629,1689,690,1650,659,0.5824,3.0,Stationary,1.12,Stationary,Normal
177,5.867,110,car,1579,706,1672,786,1625,746,0.7636,3.16,Stationary,1.19,Stationary,Normal
177,5.867,67,car,1513,559,1581,608,1547,583,0.6688,5.0,Right,1.88,Moving,Normal
177,5.867,129,car,1420,812,1580,925,1500,868,0.4513,8.49,Up,3.18,Moving,Normal
177,5.867,123,motorcycle,1427,747,1477,832,1452,789,0.5234,5.66,Up,2.12,Moving,Normal
177,5.867,98,motorcycle,1204,675,1239,728,1221,701,0.469,4.12,Right,1.55,Moving,Normal
177,5.867,135,motorcycle,1053,740,1125,819,1089,779,0.4546,45.0,Right,16.88,Moving,Normal
178,5.9,87,car,1611,626,1690,688,1650,657,0.5613,2.0,Stationary,0.75,Stationary,Normal
178,5.9,110,car,1582,704,1672,781,1627,742,0.7882,4.47,Up,1.68,Moving,Normal
178,5.9,67,car,1517,558,1583,605,1550,581,0.4449,3.61,Stationary,1.35,Stationary,Normal
178,5.9,129,car,1427,807,1581,917,1504,862,0.6493,7.21,Up,2.7,Moving,Normal
178,5.9,123,motorcycle,1428,740,1478,826,1453,783,0.4549,6.08,Up,2.28,Moving,Normal
178,5.9,98,motorcycle,1209,666,1247,724,1228,695,0.4673,9.22,Right,3.46,Moving,Normal
178,5.9,135,motorcycle,1064,745,1128,815,1096,780,0.5724,7.07,Right,2.65,Moving,RAPID_DECELERATION
178,5.9,91,motorcycle,1485,614,1521,666,1503,640,0.4218,13.45,Up,5.04,Moving,Normal
179,5.933,87,car,1613,623,1690,685,1651,654,0.5383,3.16,Stationary,1.19,Stationary,Normal
179,5.933,110,car,1582,697,1673,776,1627,736,0.7755,6.0,Up,2.25,Moving,Normal
179,5.933,129,car,1432,799,1583,910,1507,854,0.5376,8.54,Up,3.2,Moving,Normal
179,5.933,123,motorcycle,1430,735,1480,822,1455,778,0.4981,5.39,Up,2.02,Moving,Normal
179,5.933,98,motorcycle,1213,661,1252,721,1232,691,0.4799,5.66,Up,2.12,Moving,Normal
179,5.933,135,motorcycle,1073,749,1132,813,1102,781,0.4747,6.08,Right,2.28,Moving,Normal
179,5.933,91,motorcycle,1487,613,1521,663,1504,638,0.4261,2.24,Stationary,0.84,Stationary,Normal
180,5.967,87,car,1614,622,1689,682,1651,652,0.6245,2.0,Stationary,0.75,Stationary,Normal
180,5.967,110,car,1584,693,1675,771,1629,732,0.7478,4.47,Up,1.68,Moving,Normal
180,5.967,129,car,1441,795,1583,900,1512,847,0.4925,8.6,Up,3.23,Moving,Normal
180,5.967,67,car,1522,553,1588,601,1555,577,0.5301,6.4,Right,2.4,Moving,Normal
181,6.0,87,car,1615,620,1689,680,1652,650,0.6057,2.24,Stationary,0.84,Stationary,Normal
181,6.0,110,car,1585,688,1675,765,1630,726,0.7198,6.08,Up,2.28,Moving,Normal
181,6.0,129,car,1446,789,1585,894,1515,841,0.4622,6.71,Up,2.52,Moving,Normal
181,6.0,67,car,1518,543,1594,600,1556,571,0.417,6.08,Up,2.28,Moving,Normal
181,6.0,123,motorcycle,1436,730,1484,813,1460,771,0.4578,8.6,Up,3.23,Moving,Normal
181,6.0,135,motorcycle,1088,745,1143,804,1115,774,0.465,14.76,Right,5.54,Moving,Normal
182,6.033,87,car,1615,619,1687,677,1651,648,0.6157,2.24,Stationary,0.84,Stationary,Normal
182,6.033,110,car,1587,686,1674,761,1630,723,0.718,3.0,Stationary,1.12,Stationary,Normal
182,6.033,129,car,1456,785,1585,882,1520,833,0.6068,9.43,Up,3.54,Moving,Normal
182,6.033,67,car,1523,546,1593,598,1558,572,0.566,2.24,Stationary,0.84,Stationary,Normal
183,6.067,87,car,1616,616,1688,675,1652,645,0.6196,3.16,Stationary,1.19,Stationary,Normal
183,6.067,110,car,1589,683,1674,757,1631,720,0.8117,3.16,Stationary,1.19,Stationary,Normal
183,6.067,129,car,1461,780,1588,877,1524,828,0.7203,6.4,Up,2.4,Moving,Normal
183,6.067,67,car,1526,547,1593,597,1559,572,0.511,1.0,Stationary,0.38,Stationary,Normal
184,6.1,87,car,1617,614,1688,672,1652,643,0.5867,2.0,Stationary,0.75,Stationary,Normal
184,6.1,110,car,1590,681,1674,753,1632,717,0.7002,3.16,Stationary,1.19,Stationary,Normal
184,6.1,67,car,1529,547,1594,596,1561,571,0.5125,2.24,Stationary,0.84,Stationary,Normal
184,6.1,98,motorcycle,1235,651,1273,709,1254,680,0.4924,24.6,Right,9.22,Moving,Normal
184,6.1,123,motorcycle,1445,719,1490,799,1467,759,0.4139,13.89,Up,5.21,Moving,Normal
184,6.1,135,motorcycle,1108,735,1162,793,1135,764,0.4019,22.36,Right,8.38,Moving,Normal
185,6.133,87,car,1617,611,1688,670,1652,640,0.4951,3.0,Stationary,1.12,Stationary,Normal
185,6.133,110,car,1592,679,1674,749,1633,714,0.7588,3.16,Stationary,1.19,Stationary,Normal
185,6.133,67,car,1533,546,1595,593,1564,569,0.5253,3.61,Stationary,1.35,Stationary,Normal
185,6.133,98,motorcycle,1239,654,1275,707,1257,680,0.448,3.0,Stationary,1.12,Stationary,Normal
185,6.133,123,motorcycle,1447,716,1492,796,1469,756,0.5596,3.61,Stationary,1.35,Stationary,Normal
185,6.133,135,motorcycle,1114,731,1168,789,1141,760,0.5052,7.21,Right,2.7,Moving,Normal
185,6.133,129,car,1470,768,1593,864,1531,816,0.5791,13.89,Up,5.21,Moving,Normal
186,6.167,87,car,1618,608,1689,667,1653,637,0.5543,3.16,Stationary,1.19,Stationary,Normal
186,6.167,110,car,1592,674,1674,744,1633,709,0.7035,5.0,Up,1.88,Moving,Normal
186,6.167,67,car,1538,548,1596,591,1567,569,0.5226,3.0,Stationary,1.12,Stationary,Normal
186,6.167,123,motorcycle,1449,715,1493,793,1471,754,0.4903,2.83,Stationary,1.06,Stationary,Normal
186,6.167,135,motorcycle,1117,720,1176,785,1146,752,0.5624,9.43,Up,3.54,Moving,Normal
186,6.167,129,car,1474,764,1596,858,1535,811,0.772,6.4,Up,2.4,Moving,Normal
187,6.2,87,car,1619,607,1690,666,1654,636,0.47,1.41,Stationary,0.53,Stationary,Normal
187,6.2,110,car,1593,670,1674,740,1633,705,0.6069,4.0,Up,1.5,Moving,Normal
187,6.2,67,car,1541,548,1595,588,1568,568,0.4111,1.41,Stationary,0.53,Stationary,Normal
187,6.2,123,motorcycle,1450,713,1493,790,1471,751,0.4674,3.0,Stationary,1.12,Stationary,Normal
187,6.2,135,motorcycle,1126,719,1181,781,1153,750,0.5497,7.28,Right,2.73,Moving,Normal
187,6.2,129,car,1479,759,1598,852,1538,805,0.618,6.71,Up,2.52,Moving,Normal
188,6.233,87,car,1619,606,1689,664,1654,635,0.426,1.0,Stationary,0.38,Stationary,Normal
188,6.233,110,car,1595,667,1674,735,1634,701,0.6555,4.12,Up,1.55,Moving,Normal
188,6.233,67,car,1541,546,1597,587,1569,566,0.4753,2.24,Stationary,0.84,Stationary,Normal
188,6.233,123,motorcycle,1453,709,1496,788,1474,748,0.5287,4.24,Stationary,1.59,Stationary,Normal
188,6.233,135,motorcycle,1132,715,1189,778,1160,746,0.5598,8.06,Right,3.02,Moving,Normal
188,6.233,129,car,1485,754,1601,846,1543,800,0.5641,7.07,Up,2.65,Moving,Normal
189,6.267,87,car,1620,603,1688,659,1654,631,0.5552,4.0,Up,1.5,Moving,Normal
189,6.267,110,car,1596,663,1675,731,1635,697,0.7444,4.12,Up,1.55,Moving,Normal
189,6.267,67,car,1541,537,1607,586,1574,561,0.5827,7.07,Up,2.65,Moving,Normal
189,6.267,135,motorcycle,1140,717,1192,776,1166,746,0.456,6.0,Right,2.25,Moving,Normal
189,6.267,129,car,1490,748,1605,840,1547,794,0.5069,7.21,Up,2.7,Moving,Normal
190,6.3,87,car,1622,602,1688,657,1655,629,0.6023,2.24,Stationary,0.84,Stationary,Normal
190,6.3,110,car,1597,661,1675,729,1636,695,0.7307,2.24,Stationary,0.84,Stationary,Normal
190,6.3,67,car,1543,536,1608,585,1575,560,0.6801,1.41,Stationary,0.53,Stationary,Normal
190,6.3,135,motorcycle,1142,705,1200,772,1171,738,0.5722,9.43,Up,3.54,Moving,Normal
190,6.3,129,car,1492,741,1607,835,1549,788,0.7707,6.32,Up,2.37,Moving,Normal
190,6.3,123,motorcycle,1458,705,1499,780,1478,742,0.6094,7.21,Up,2.7,Moving,Normal
191,6.333,87,car,1622,601,1688,655,1655,628,0.6052,1.0,Stationary,0.38,Stationary,Normal
191,6.333,110,car,1598,659,1675,725,1636,692,0.7167,3.0,Stationary,1.12,Stationary,Normal
191,6.333,67,car,1547,538,1608,584,1577,561,0.6259,2.24,Stationary,0.84,Stationary,Normal
191,6.333,135,motorcycle,1148,705,1203,769,1175,737,0.5203,4.12,Right,1.55,Moving,Normal
191,6.333,129,car,1497,738,1607,828,1552,783,0.7017,5.83,Up,2.19,Moving,Normal
191,6.333,123,motorcycle,1461,702,1501,776,1481,739,0.4865,4.24,Stationary,1.59,Stationary,Normal
192,6.367,87,car,1622,599,1689,655,1655,627,0.5136,1.0,Stationary,0.38,Stationary,Normal
192,6.367,110,car,1599,657,1674,721,1636,689,0.6039,3.0,Stationary,1.12,Stationary,Normal
192,6.367,67,car,1545,532,1611,582,1578,557,0.6034,4.12,Up,1.55,Moving,Normal
192,6.367,135,motorcycle,1154,704,1208,766,1181,735,0.61,6.32,Right,2.37,Moving,Normal
192,6.367,129,car,1502,737,1607,823,1554,780,0.7426,3.61,Stationary,1.35,Stationary,Normal
192,6.367,123,motorcycle,1463,699,1502,771,1482,735,0.459,4.12,Up,1.55,Moving,Normal
193,6.4,87,car,1623,599,1688,653,1655,626,0.4323,1.0,Stationary,0.38,Stationary,Normal
193,6.4,110,car,1599,652,1674,717,1636,684,0.6297,5.0,Up,1.88,Moving,Normal
193,6.4,67,car,1549,531,1613,580,1581,555,0.4334,3.61,Stationary,1.35,Stationary,Normal
193,6.4,135,motorcycle,1160,702,1212,762,1186,732,0.6152,5.83,Right,2.19,Moving,Normal
193,6.4,129,car,1507,733,1609,817,1558,775,0.6827,6.4,Up,2.4,Moving,Normal
193,6.4,123,motorcycle,1464,698,1502,768,1483,733,0.5001,2.24,Stationary,0.84,Stationary,Normal
194,6.433,87,car,1625,598,1686,649,1655,623,0.5458,3.0,Stationary,1.12,Stationary,Normal
194,6.433,110,car,1601,650,1675,714,1638,682,0.668,2.83,Stationary,1.06,Stationary,Normal
194,6.433,67,car,1552,531,1612,578,1582,554,0.6614,1.41,Stationary,0.53,Stationary,Normal
194,6.433,135,motorcycle,1167,703,1215,759,1191,731,0.6365,5.1,Right,1.91,Moving,Normal
194,6.433,129,car,1513,731,1610,811,1561,771,0.6985,5.0,Up,1.88,Moving,Normal
194,6.433,123,motorcycle,1467,699,1503,765,1485,732,0.4641,2.24,Stationary,0.84,Stationary,Normal
195,6.467,87,car,1624,595,1687,647,1655,621,0.5785,2.0,Stationary,0.75,Stationary,Normal
195,6.467,110,car,1605,648,1677,710,1641,679,0.6405,4.24,Stationary,1.59,Stationary,Normal
195,6.467,67,car,1552,527,1615,577,1583,552,0.64,2.24,Stationary,0.84,Stationary,Normal
195,6.467,135,motorcycle,1173,701,1221,757,1197,729,0.5221,6.32,Right,2.37,Moving,Normal
195,6.467,129,car,1515,726,1613,806,1564,766,0.7023,5.83,Up,2.19,Moving,Normal
195,6.467,123,motorcycle,1468,693,1505,762,1486,727,0.4701,5.1,Up,1.91,Moving,Normal
196,6.5,87,car,1625,592,1689,645,1657,618,0.4797,3.61,Stationary,1.35,Stationary,Normal
196,6.5,110,car,1605,645,1677,706,1641,675,0.6054,4.0,Up,1.5,Moving,Normal
196,6.5,67,car,1555,530,1614,575,1584,552,0.6821,1.0,Stationary,0.38,Stationary,Normal
196,6.5,135,motorcycle,1180,705,1223,753,1201,729,0.5028,4.0,Right,1.5,Moving,Normal
196,6.5,129,car,1519,722,1614,801,1566,761,0.7424,5.39,Up,2.02,Moving,Normal
